osb_insolvency_observation_id,dataset_id,reference_period,geo,geo_level,debtor_type,business_form,insolvency_type,naics,measure,uom,value,status,source_url,retrieval_date
osb-d67719036743b6cebed4,osb-bia-insolvency-statistics-2026-03,2026-01,Newfoundland and Labrador,province,all,all,Bankruptcy,not_available,Volume,Number,38,published,https://ised-isde.canada.ca/site/office-superintendent-bankruptcy/sites/default/files/documents/insolvency_statistiques_insolvabilite_march_2026.xlsx,2026-09-14
osb-84d8bb8f61e087447658,osb-bia-insolvency-statistics-2026-03,2026-02,Newfoundland and Labrador,province,all,all,Bankruptcy,not_available,Volume,Number,31,published,https://ised-isde.canada.ca/site/office-superintendent-bankruptcy/sites/default/files/documents/insolvency_statistiques_insolvabilite_march_2026.xlsx,2026-09-14
osb-eeefdfbd4cc53d7847ce,osb-bia-insolvency-statistics-2026-03,2026-03,Newfoundland and Labrador,province,all,all,Bankruptcy,not_available,Volume,Number,49,published,https://ised-isde.canada.ca/site/office-superintendent-bankruptcy/sites/default/files/documents/insolvency_statistiques_insolvabilite_march_2026.xlsx,2026-09-14
osb-9da3907f5d6a9eeb2bdf,osb-bia-insolvency-statistics-2026-03,2026-01,Newfoundland and Labrador,province,all,all,Proposal,not_available,Volume,Number,155,published,https://ised-isde.canada.ca/site/office-superintendent-bankruptcy/sites/default/files/documents/insolvency_statistiques_insolvabilite_march_2026.xlsx,2026-09-14
osb-495370573b152da8dbd6,osb-bia-insolvency-statistics-2026-03,2026-02,Newfoundland and Labrador,province,all,all,Proposal,not_available,Volume,Number,167,published,https://ised-isde.canada.ca/site/office-superintendent-bankruptcy/sites/default/files/documents/insolvency_statistiques_insolvabilite_march_2026.xlsx,2026-09-14
osb-a6345b75507388db7ed7,osb-bia-insolvency-statistics-2026-03,2026-03,Newfoundland and Labrador,province,all,all,Proposal,not_available,Volume,Number,167,published,https://ised-isde.canada.ca/site/office-superintendent-bankruptcy/sites/default/files/documents/insolvency_statistiques_insolvabilite_march_2026.xlsx,2026-09-14
osb-a001921402fa29045a0b,osb-bia-insolvency-statistics-2026-03,2026-01,Prince Edward Island,province,all,all,Bankruptcy,not_available,Volume,Number,11,published,https://ised-isde.canada.ca/site/office-superintendent-bankruptcy/sites/default/files/documents/insolvency_statistiques_insolvabilite_march_2026.xlsx,2026-09-14
osb-87385ee574b6fd064ca6,osb-bia-insolvency-statistics-2026-03,2026-02,Prince Edward Island,province,all,all,Bankruptcy,not_available,Volume,Number,16,published,https://ised-isde.canada.ca/site/office-superintendent-bankruptcy/sites/default/files/documents/insolvency_statistiques_insolvabilite_march_2026.xlsx,2026-09-14
osb-d4d82f186ea7ca62d06b,osb-bia-insolvency-statistics-2026-03,2026-03,Prince Edward Island,province,all,all,Bankruptcy,not_available,Volume,Number,9,published,https://ised-isde.canada.ca/site/office-superintendent-bankruptcy/sites/default/files/documents/insolvency_statistiques_insolvabilite_march_2026.xlsx,2026-09-14
osb-8a00c3f8bcddfa1dda4d,osb-bia-insolvency-statistics-2026-03,2026-01,Prince Edward Island,province,all,all,Proposal,not_available,Volume,Number,37,published,https://ised-isde.canada.ca/site/office-superintendent-bankruptcy/sites/default/files/documents/insolvency_statistiques_insolvabilite_march_2026.xlsx,2026-09-14
osb-835d34ba2ea0b5ec9ce1,osb-bia-insolvency-statistics-2026-03,2026-02,Prince Edward Island,province,all,all,Proposal,not_available,Volume,Number,45,published,https://ised-isde.canada.ca/site/office-superintendent-bankruptcy/sites/default/files/documents/insolvency_statistiques_insolvabilite_march_2026.xlsx,2026-09-14
osb-01512a77d0aa9d3caa2f,osb-bia-insolvency-statistics-2026-03,2026-03,Prince Edward Island,province,all,all,Proposal,not_available,Volume,Number,49,published,https://ised-isde.canada.ca/site/office-superintendent-bankruptcy/sites/default/files/documents/insolvency_statistiques_insolvabilite_march_2026.xlsx,2026-09-14
osb-0f882ca767603612d49e,osb-bia-insolvency-statistics-2026-03,2026-01,Nova Scotia,province,all,all,Bankruptcy,not_available,Volume,Number,79,published,https://ised-isde.canada.ca/site/office-superintendent-bankruptcy/sites/default/files/documents/insolvency_statistiques_insolvabilite_march_2026.xlsx,2026-09-14
osb-504fa86d14bf3a451518,osb-bia-insolvency-statistics-2026-03,2026-02,Nova Scotia,province,all,all,Bankruptcy,not_available,Volume,Number,78,published,https://ised-isde.canada.ca/site/office-superintendent-bankruptcy/sites/default/files/documents/insolvency_statistiques_insolvabilite_march_2026.xlsx,2026-09-14
osb-acffad01af1cdf7beca0,osb-bia-insolvency-statistics-2026-03,2026-03,Nova Scotia,province,all,all,Bankruptcy,not_available,Volume,Number,121,published,https://ised-isde.canada.ca/site/office-superintendent-bankruptcy/sites/default/files/documents/insolvency_statistiques_insolvabilite_march_2026.xlsx,2026-09-14
osb-68459b222b819e0ce5d3,osb-bia-insolvency-statistics-2026-03,2026-01,Nova Scotia,province,all,all,Proposal,not_available,Volume,Number,237,published,https://ised-isde.canada.ca/site/office-superintendent-bankruptcy/sites/default/files/documents/insolvency_statistiques_insolvabilite_march_2026.xlsx,2026-09-14
osb-0a1c3ff9fc1a5fe2a92c,osb-bia-insolvency-statistics-2026-03,2026-02,Nova Scotia,province,all,all,Proposal,not_available,Volume,Number,267,published,https://ised-isde.canada.ca/site/office-superintendent-bankruptcy/sites/default/files/documents/insolvency_statistiques_insolvabilite_march_2026.xlsx,2026-09-14
osb-7e184486fc71a85b3c3f,osb-bia-insolvency-statistics-2026-03,2026-03,Nova Scotia,province,all,all,Proposal,not_available,Volume,Number,289,published,https://ised-isde.canada.ca/site/office-superintendent-bankruptcy/sites/default/files/documents/insolvency_statistiques_insolvabilite_march_2026.xlsx,2026-09-14
osb-d36a4b45089aa4f41cf7,osb-bia-insolvency-statistics-2026-03,2026-01,New Brunswick,province,all,all,Bankruptcy,not_available,Volume,Number,59,published,https://ised-isde.canada.ca/site/office-superintendent-bankruptcy/sites/default/files/documents/insolvency_statistiques_insolvabilite_march_2026.xlsx,2026-09-14
osb-e0a4e083ba1371f89b55,osb-bia-insolvency-statistics-2026-03,2026-02,New Brunswick,province,all,all,Bankruptcy,not_available,Volume,Number,76,published,https://ised-isde.canada.ca/site/office-superintendent-bankruptcy/sites/default/files/documents/insolvency_statistiques_insolvabilite_march_2026.xlsx,2026-09-14
osb-52c8962f833394d34b8e,osb-bia-insolvency-statistics-2026-03,2026-03,New Brunswick,province,all,all,Bankruptcy,not_available,Volume,Number,74,published,https://ised-isde.canada.ca/site/office-superintendent-bankruptcy/sites/default/files/documents/insolvency_statistiques_insolvabilite_march_2026.xlsx,2026-09-14
osb-980d35b5316bf25a3294,osb-bia-insolvency-statistics-2026-03,2026-01,New Brunswick,province,all,all,Proposal,not_available,Volume,Number,193,published,https://ised-isde.canada.ca/site/office-superintendent-bankruptcy/sites/default/files/documents/insolvency_statistiques_insolvabilite_march_2026.xlsx,2026-09-14
osb-539fe8ec55ce3ea0428f,osb-bia-insolvency-statistics-2026-03,2026-02,New Brunswick,province,all,all,Proposal,not_available,Volume,Number,235,published,https://ised-isde.canada.ca/site/office-superintendent-bankruptcy/sites/default/files/documents/insolvency_statistiques_insolvabilite_march_2026.xlsx,2026-09-14
osb-109bac5568a09d6c6e98,osb-bia-insolvency-statistics-2026-03,2026-03,New Brunswick,province,all,all,Proposal,not_available,Volume,Number,258,published,https://ised-isde.canada.ca/site/office-superintendent-bankruptcy/sites/default/files/documents/insolvency_statistiques_insolvabilite_march_2026.xlsx,2026-09-14
osb-eff0cecd4587f795884d,osb-bia-insolvency-statistics-2026-03,2026-01,Quebec,province,all,all,Bankruptcy,not_available,Volume,Number,1017,published,https://ised-isde.canada.ca/site/office-superintendent-bankruptcy/sites/default/files/documents/insolvency_statistiques_insolvabilite_march_2026.xlsx,2026-09-14
osb-449b8c913d90a387f480,osb-bia-insolvency-statistics-2026-03,2026-02,Quebec,province,all,all,Bankruptcy,not_available,Volume,Number,1080,published,https://ised-isde.canada.ca/site/office-superintendent-bankruptcy/sites/default/files/documents/insolvency_statistiques_insolvabilite_march_2026.xlsx,2026-09-14
osb-3d42c03ba0ba794c62ff,osb-bia-insolvency-statistics-2026-03,2026-03,Quebec,province,all,all,Bankruptcy,not_available,Volume,Number,1035,published,https://ised-isde.canada.ca/site/office-superintendent-bankruptcy/sites/default/files/documents/insolvency_statistiques_insolvabilite_march_2026.xlsx,2026-09-14
osb-fb03d9cb0b19f65cd50c,osb-bia-insolvency-statistics-2026-03,2026-01,Quebec,province,all,all,Proposal,not_available,Volume,Number,2217,published,https://ised-isde.canada.ca/site/office-superintendent-bankruptcy/sites/default/files/documents/insolvency_statistiques_insolvabilite_march_2026.xlsx,2026-09-14
osb-425025671aa303710472,osb-bia-insolvency-statistics-2026-03,2026-02,Quebec,province,all,all,Proposal,not_available,Volume,Number,2330,published,https://ised-isde.canada.ca/site/office-superintendent-bankruptcy/sites/default/files/documents/insolvency_statistiques_insolvabilite_march_2026.xlsx,2026-09-14
osb-e67fbbcffd665a47e2a9,osb-bia-insolvency-statistics-2026-03,2026-03,Quebec,province,all,all,Proposal,not_available,Volume,Number,2418,published,https://ised-isde.canada.ca/site/office-superintendent-bankruptcy/sites/default/files/documents/insolvency_statistiques_insolvabilite_march_2026.xlsx,2026-09-14
osb-020b11102c9fccd8a773,osb-bia-insolvency-statistics-2026-03,2026-01,Ontario,province,all,all,Bankruptcy,not_available,Volume,Number,861,published,https://ised-isde.canada.ca/site/office-superintendent-bankruptcy/sites/default/files/documents/insolvency_statistiques_insolvabilite_march_2026.xlsx,2026-09-14
osb-b7abf73ef0a15c270858,osb-bia-insolvency-statistics-2026-03,2026-02,Ontario,province,all,all,Bankruptcy,not_available,Volume,Number,948,published,https://ised-isde.canada.ca/site/office-superintendent-bankruptcy/sites/default/files/documents/insolvency_statistiques_insolvabilite_march_2026.xlsx,2026-09-14
osb-9e7baa37c96cdd4ced98,osb-bia-insolvency-statistics-2026-03,2026-03,Ontario,province,all,all,Bankruptcy,not_available,Volume,Number,1129,published,https://ised-isde.canada.ca/site/office-superintendent-bankruptcy/sites/default/files/documents/insolvency_statistiques_insolvabilite_march_2026.xlsx,2026-09-14
osb-46867945b1943e000f56,osb-bia-insolvency-statistics-2026-03,2026-01,Ontario,province,all,all,Proposal,not_available,Volume,Number,3425,published,https://ised-isde.canada.ca/site/office-superintendent-bankruptcy/sites/default/files/documents/insolvency_statistiques_insolvabilite_march_2026.xlsx,2026-09-14
osb-098d1b201fa287e29de6,osb-bia-insolvency-statistics-2026-03,2026-02,Ontario,province,all,all,Proposal,not_available,Volume,Number,3793,published,https://ised-isde.canada.ca/site/office-superintendent-bankruptcy/sites/default/files/documents/insolvency_statistiques_insolvabilite_march_2026.xlsx,2026-09-14
osb-f5263225ba40dd766f0c,osb-bia-insolvency-statistics-2026-03,2026-03,Ontario,province,all,all,Proposal,not_available,Volume,Number,4125,published,https://ised-isde.canada.ca/site/office-superintendent-bankruptcy/sites/default/files/documents/insolvency_statistiques_insolvabilite_march_2026.xlsx,2026-09-14
osb-da03cced98de72c56388,osb-bia-insolvency-statistics-2026-03,2026-01,Manitoba,province,all,all,Bankruptcy,not_available,Volume,Number,58,published,https://ised-isde.canada.ca/site/office-superintendent-bankruptcy/sites/default/files/documents/insolvency_statistiques_insolvabilite_march_2026.xlsx,2026-09-14
osb-42817b812f360bc533f6,osb-bia-insolvency-statistics-2026-03,2026-02,Manitoba,province,all,all,Bankruptcy,not_available,Volume,Number,65,published,https://ised-isde.canada.ca/site/office-superintendent-bankruptcy/sites/default/files/documents/insolvency_statistiques_insolvabilite_march_2026.xlsx,2026-09-14
osb-76d7288cab477f54d176,osb-bia-insolvency-statistics-2026-03,2026-03,Manitoba,province,all,all,Bankruptcy,not_available,Volume,Number,86,published,https://ised-isde.canada.ca/site/office-superintendent-bankruptcy/sites/default/files/documents/insolvency_statistiques_insolvabilite_march_2026.xlsx,2026-09-14
osb-8d7f8e4314ff6e5b7ddc,osb-bia-insolvency-statistics-2026-03,2026-01,Manitoba,province,all,all,Proposal,not_available,Volume,Number,226,published,https://ised-isde.canada.ca/site/office-superintendent-bankruptcy/sites/default/files/documents/insolvency_statistiques_insolvabilite_march_2026.xlsx,2026-09-14
osb-be8f26409372fe99532b,osb-bia-insolvency-statistics-2026-03,2026-02,Manitoba,province,all,all,Proposal,not_available,Volume,Number,280,published,https://ised-isde.canada.ca/site/office-superintendent-bankruptcy/sites/default/files/documents/insolvency_statistiques_insolvabilite_march_2026.xlsx,2026-09-14
osb-df907e63d2e73b0df47d,osb-bia-insolvency-statistics-2026-03,2026-03,Manitoba,province,all,all,Proposal,not_available,Volume,Number,316,published,https://ised-isde.canada.ca/site/office-superintendent-bankruptcy/sites/default/files/documents/insolvency_statistiques_insolvabilite_march_2026.xlsx,2026-09-14
osb-a1b8fcde71a20326c7db,osb-bia-insolvency-statistics-2026-03,2026-01,Saskatchewan,province,all,all,Bankruptcy,not_available,Volume,Number,60,published,https://ised-isde.canada.ca/site/office-superintendent-bankruptcy/sites/default/files/documents/insolvency_statistiques_insolvabilite_march_2026.xlsx,2026-09-14
osb-4dab9f0c1ddc0b8c1175,osb-bia-insolvency-statistics-2026-03,2026-02,Saskatchewan,province,all,all,Bankruptcy,not_available,Volume,Number,51,published,https://ised-isde.canada.ca/site/office-superintendent-bankruptcy/sites/default/files/documents/insolvency_statistiques_insolvabilite_march_2026.xlsx,2026-09-14
osb-8b95a832226d776997f7,osb-bia-insolvency-statistics-2026-03,2026-03,Saskatchewan,province,all,all,Bankruptcy,not_available,Volume,Number,79,published,https://ised-isde.canada.ca/site/office-superintendent-bankruptcy/sites/default/files/documents/insolvency_statistiques_insolvabilite_march_2026.xlsx,2026-09-14
osb-ec71654657c9b2632861,osb-bia-insolvency-statistics-2026-03,2026-01,Saskatchewan,province,all,all,Proposal,not_available,Volume,Number,217,published,https://ised-isde.canada.ca/site/office-superintendent-bankruptcy/sites/default/files/documents/insolvency_statistiques_insolvabilite_march_2026.xlsx,2026-09-14
osb-667f7409a24c04a6a623,osb-bia-insolvency-statistics-2026-03,2026-02,Saskatchewan,province,all,all,Proposal,not_available,Volume,Number,268,published,https://ised-isde.canada.ca/site/office-superintendent-bankruptcy/sites/default/files/documents/insolvency_statistiques_insolvabilite_march_2026.xlsx,2026-09-14
osb-c7af8aec7dcbe2bd51ec,osb-bia-insolvency-statistics-2026-03,2026-03,Saskatchewan,province,all,all,Proposal,not_available,Volume,Number,261,published,https://ised-isde.canada.ca/site/office-superintendent-bankruptcy/sites/default/files/documents/insolvency_statistiques_insolvabilite_march_2026.xlsx,2026-09-14
osb-eb469c05869b71e85f4c,osb-bia-insolvency-statistics-2026-03,2026-01,Alberta,province,all,all,Bankruptcy,not_available,Volume,Number,250,published,https://ised-isde.canada.ca/site/office-superintendent-bankruptcy/sites/default/files/documents/insolvency_statistiques_insolvabilite_march_2026.xlsx,2026-09-14
osb-b93a3b74c46d387d46d0,osb-bia-insolvency-statistics-2026-03,2026-02,Alberta,province,all,all,Bankruptcy,not_available,Volume,Number,250,published,https://ised-isde.canada.ca/site/office-superintendent-bankruptcy/sites/default/files/documents/insolvency_statistiques_insolvabilite_march_2026.xlsx,2026-09-14
osb-aa44d72fe6c3c6814234,osb-bia-insolvency-statistics-2026-03,2026-03,Alberta,province,all,all,Bankruptcy,not_available,Volume,Number,286,published,https://ised-isde.canada.ca/site/office-superintendent-bankruptcy/sites/default/files/documents/insolvency_statistiques_insolvabilite_march_2026.xlsx,2026-09-14
osb-7ae45ed8d81d994207cb,osb-bia-insolvency-statistics-2026-03,2026-01,Alberta,province,all,all,Proposal,not_available,Volume,Number,1236,published,https://ised-isde.canada.ca/site/office-superintendent-bankruptcy/sites/default/files/documents/insolvency_statistiques_insolvabilite_march_2026.xlsx,2026-09-14
osb-968ce8b0931c4d7c1755,osb-bia-insolvency-statistics-2026-03,2026-02,Alberta,province,all,all,Proposal,not_available,Volume,Number,1331,published,https://ised-isde.canada.ca/site/office-superintendent-bankruptcy/sites/default/files/documents/insolvency_statistiques_insolvabilite_march_2026.xlsx,2026-09-14
osb-bbf3e9957b9ce7455894,osb-bia-insolvency-statistics-2026-03,2026-03,Alberta,province,all,all,Proposal,not_available,Volume,Number,1578,published,https://ised-isde.canada.ca/site/office-superintendent-bankruptcy/sites/default/files/documents/insolvency_statistiques_insolvabilite_march_2026.xlsx,2026-09-14
osb-db677f142cf73099fa15,osb-bia-insolvency-statistics-2026-03,2026-01,British Columbia,province,all,all,Bankruptcy,not_available,Volume,Number,201,published,https://ised-isde.canada.ca/site/office-superintendent-bankruptcy/sites/default/files/documents/insolvency_statistiques_insolvabilite_march_2026.xlsx,2026-09-14
osb-2ab2321c31482ca41ca5,osb-bia-insolvency-statistics-2026-03,2026-02,British Columbia,province,all,all,Bankruptcy,not_available,Volume,Number,204,published,https://ised-isde.canada.ca/site/office-superintendent-bankruptcy/sites/default/files/documents/insolvency_statistiques_insolvabilite_march_2026.xlsx,2026-09-14
osb-02f89fea8031d6e20e6a,osb-bia-insolvency-statistics-2026-03,2026-03,British Columbia,province,all,all,Bankruptcy,not_available,Volume,Number,215,published,https://ised-isde.canada.ca/site/office-superintendent-bankruptcy/sites/default/files/documents/insolvency_statistiques_insolvabilite_march_2026.xlsx,2026-09-14
osb-2d126bda39b4587e6a47,osb-bia-insolvency-statistics-2026-03,2026-01,British Columbia,province,all,all,Proposal,not_available,Volume,Number,1188,published,https://ised-isde.canada.ca/site/office-superintendent-bankruptcy/sites/default/files/documents/insolvency_statistiques_insolvabilite_march_2026.xlsx,2026-09-14
osb-f65beb26c199a99194f2,osb-bia-insolvency-statistics-2026-03,2026-02,British Columbia,province,all,all,Proposal,not_available,Volume,Number,1192,published,https://ised-isde.canada.ca/site/office-superintendent-bankruptcy/sites/default/files/documents/insolvency_statistiques_insolvabilite_march_2026.xlsx,2026-09-14
osb-eaa2f5e24250f92d3464,osb-bia-insolvency-statistics-2026-03,2026-03,British Columbia,province,all,all,Proposal,not_available,Volume,Number,1306,published,https://ised-isde.canada.ca/site/office-superintendent-bankruptcy/sites/default/files/documents/insolvency_statistiques_insolvabilite_march_2026.xlsx,2026-09-14
osb-d2257e829a55733c8468,osb-bia-insolvency-statistics-2026-03,2026-01,Northwest Territories,province,all,all,Bankruptcy,not_available,Volume,Number,1,published,https://ised-isde.canada.ca/site/office-superintendent-bankruptcy/sites/default/files/documents/insolvency_statistiques_insolvabilite_march_2026.xlsx,2026-09-14
osb-6355c5e8a40e5c741cb3,osb-bia-insolvency-statistics-2026-03,2026-02,Northwest Territories,province,all,all,Bankruptcy,not_available,Volume,Number,0,published,https://ised-isde.canada.ca/site/office-superintendent-bankruptcy/sites/default/files/documents/insolvency_statistiques_insolvabilite_march_2026.xlsx,2026-09-14
osb-6bf1eab40ccee54f0465,osb-bia-insolvency-statistics-2026-03,2026-03,Northwest Territories,province,all,all,Bankruptcy,not_available,Volume,Number,0,published,https://ised-isde.canada.ca/site/office-superintendent-bankruptcy/sites/default/files/documents/insolvency_statistiques_insolvabilite_march_2026.xlsx,2026-09-14
osb-2b585783fd829d84dd12,osb-bia-insolvency-statistics-2026-03,2026-01,Northwest Territories,province,all,all,Proposal,not_available,Volume,Number,0,published,https://ised-isde.canada.ca/site/office-superintendent-bankruptcy/sites/default/files/documents/insolvency_statistiques_insolvabilite_march_2026.xlsx,2026-09-14
osb-263174f370863f13fb30,osb-bia-insolvency-statistics-2026-03,2026-02,Northwest Territories,province,all,all,Proposal,not_available,Volume,Number,5,published,https://ised-isde.canada.ca/site/office-superintendent-bankruptcy/sites/default/files/documents/insolvency_statistiques_insolvabilite_march_2026.xlsx,2026-09-14
osb-ad27c9bc677acf791704,osb-bia-insolvency-statistics-2026-03,2026-03,Northwest Territories,province,all,all,Proposal,not_available,Volume,Number,11,published,https://ised-isde.canada.ca/site/office-superintendent-bankruptcy/sites/default/files/documents/insolvency_statistiques_insolvabilite_march_2026.xlsx,2026-09-14
osb-2c95808f03d8a6384274,osb-bia-insolvency-statistics-2026-03,2026-01,Yukon,province,all,all,Bankruptcy,not_available,Volume,Number,2,published,https://ised-isde.canada.ca/site/office-superintendent-bankruptcy/sites/default/files/documents/insolvency_statistiques_insolvabilite_march_2026.xlsx,2026-09-14
osb-a5f8cc3da836ead60a26,osb-bia-insolvency-statistics-2026-03,2026-02,Yukon,province,all,all,Bankruptcy,not_available,Volume,Number,0,published,https://ised-isde.canada.ca/site/office-superintendent-bankruptcy/sites/default/files/documents/insolvency_statistiques_insolvabilite_march_2026.xlsx,2026-09-14
osb-9375c141353971299cef,osb-bia-insolvency-statistics-2026-03,2026-03,Yukon,province,all,all,Bankruptcy,not_available,Volume,Number,0,published,https://ised-isde.canada.ca/site/office-superintendent-bankruptcy/sites/default/files/documents/insolvency_statistiques_insolvabilite_march_2026.xlsx,2026-09-14
osb-cded91f2fc352c0bc4d7,osb-bia-insolvency-statistics-2026-03,2026-01,Yukon,province,all,all,Proposal,not_available,Volume,Number,7,published,https://ised-isde.canada.ca/site/office-superintendent-bankruptcy/sites/default/files/documents/insolvency_statistiques_insolvabilite_march_2026.xlsx,2026-09-14
osb-4bf654475e520d64a822,osb-bia-insolvency-statistics-2026-03,2026-02,Yukon,province,all,all,Proposal,not_available,Volume,Number,1,published,https://ised-isde.canada.ca/site/office-superintendent-bankruptcy/sites/default/files/documents/insolvency_statistiques_insolvabilite_march_2026.xlsx,2026-09-14
osb-6f4799b42abcb4567146,osb-bia-insolvency-statistics-2026-03,2026-03,Yukon,province,all,all,Proposal,not_available,Volume,Number,2,published,https://ised-isde.canada.ca/site/office-superintendent-bankruptcy/sites/default/files/documents/insolvency_statistiques_insolvabilite_march_2026.xlsx,2026-09-14
osb-22efe24286fd1d1dc6cf,osb-bia-insolvency-statistics-2026-03,2026-01,Nunavut,province,all,all,Bankruptcy,not_available,Volume,Number,0,published,https://ised-isde.canada.ca/site/office-superintendent-bankruptcy/sites/default/files/documents/insolvency_statistiques_insolvabilite_march_2026.xlsx,2026-09-14
osb-1c3aad21a82bd31d2382,osb-bia-insolvency-statistics-2026-03,2026-02,Nunavut,province,all,all,Bankruptcy,not_available,Volume,Number,0,published,https://ised-isde.canada.ca/site/office-superintendent-bankruptcy/sites/default/files/documents/insolvency_statistiques_insolvabilite_march_2026.xlsx,2026-09-14
osb-342633f975cf32fe344f,osb-bia-insolvency-statistics-2026-03,2026-03,Nunavut,province,all,all,Bankruptcy,not_available,Volume,Number,0,published,https://ised-isde.canada.ca/site/office-superintendent-bankruptcy/sites/default/files/documents/insolvency_statistiques_insolvabilite_march_2026.xlsx,2026-09-14
osb-61d30611bf1524f3e512,osb-bia-insolvency-statistics-2026-03,2026-01,Nunavut,province,all,all,Proposal,not_available,Volume,Number,0,published,https://ised-isde.canada.ca/site/office-superintendent-bankruptcy/sites/default/files/documents/insolvency_statistiques_insolvabilite_march_2026.xlsx,2026-09-14
osb-634c5b0393fdbb77d830,osb-bia-insolvency-statistics-2026-03,2026-02,Nunavut,province,all,all,Proposal,not_available,Volume,Number,2,published,https://ised-isde.canada.ca/site/office-superintendent-bankruptcy/sites/default/files/documents/insolvency_statistiques_insolvabilite_march_2026.xlsx,2026-09-14
osb-f573b88b7f1c704476bb,osb-bia-insolvency-statistics-2026-03,2026-03,Nunavut,province,all,all,Proposal,not_available,Volume,Number,0,published,https://ised-isde.canada.ca/site/office-superintendent-bankruptcy/sites/default/files/documents/insolvency_statistiques_insolvabilite_march_2026.xlsx,2026-09-14
osb-68818f3bda0119bd1b01,osb-bia-insolvency-statistics-2026-03,2026-01,Canada,province,all,all,Bankruptcy,not_available,Volume,Number,2637,published,https://ised-isde.canada.ca/site/office-superintendent-bankruptcy/sites/default/files/documents/insolvency_statistiques_insolvabilite_march_2026.xlsx,2026-09-14
osb-47f638ccbb831c56c107,osb-bia-insolvency-statistics-2026-03,2026-02,Canada,province,all,all,Bankruptcy,not_available,Volume,Number,2799,published,https://ised-isde.canada.ca/site/office-superintendent-bankruptcy/sites/default/files/documents/insolvency_statistiques_insolvabilite_march_2026.xlsx,2026-09-14
osb-ab218588a35537f5cd39,osb-bia-insolvency-statistics-2026-03,2026-03,Canada,province,all,all,Bankruptcy,not_available,Volume,Number,3083,published,https://ised-isde.canada.ca/site/office-superintendent-bankruptcy/sites/default/files/documents/insolvency_statistiques_insolvabilite_march_2026.xlsx,2026-09-14
osb-2b2e18c8ef6fa379fcd4,osb-bia-insolvency-statistics-2026-03,2026-01,Canada,province,all,all,Proposal,not_available,Volume,Number,9138,published,https://ised-isde.canada.ca/site/office-superintendent-bankruptcy/sites/default/files/documents/insolvency_statistiques_insolvabilite_march_2026.xlsx,2026-09-14
osb-149b1c1427e71fde85a8,osb-bia-insolvency-statistics-2026-03,2026-02,Canada,province,all,all,Proposal,not_available,Volume,Number,9916,published,https://ised-isde.canada.ca/site/office-superintendent-bankruptcy/sites/default/files/documents/insolvency_statistiques_insolvabilite_march_2026.xlsx,2026-09-14
osb-60d5e180ee20e03654ce,osb-bia-insolvency-statistics-2026-03,2026-03,Canada,province,all,all,Proposal,not_available,Volume,Number,10780,published,https://ised-isde.canada.ca/site/office-superintendent-bankruptcy/sites/default/files/documents/insolvency_statistiques_insolvabilite_march_2026.xlsx,2026-09-14
osb-5b517f9facff1ad3df04,osb-bia-insolvency-statistics-2026-03,2026-01,Newfoundland and Labrador,province,consumer,not_applicable,Bankruptcy,not_available,Volume,Number,38,published,https://ised-isde.canada.ca/site/office-superintendent-bankruptcy/sites/default/files/documents/insolvency_statistiques_insolvabilite_march_2026.xlsx,2026-09-14
osb-4d931b21de2e44a4ca73,osb-bia-insolvency-statistics-2026-03,2026-02,Newfoundland and Labrador,province,consumer,not_applicable,Bankruptcy,not_available,Volume,Number,30,published,https://ised-isde.canada.ca/site/office-superintendent-bankruptcy/sites/default/files/documents/insolvency_statistiques_insolvabilite_march_2026.xlsx,2026-09-14
osb-5e17c0102fbd4e3b5649,osb-bia-insolvency-statistics-2026-03,2026-03,Newfoundland and Labrador,province,consumer,not_applicable,Bankruptcy,not_available,Volume,Number,46,published,https://ised-isde.canada.ca/site/office-superintendent-bankruptcy/sites/default/files/documents/insolvency_statistiques_insolvabilite_march_2026.xlsx,2026-09-14
osb-dd26c13bb6216609c21e,osb-bia-insolvency-statistics-2026-03,2026-01,Newfoundland and Labrador,province,consumer,not_applicable,Proposal,not_available,Volume,Number,155,published,https://ised-isde.canada.ca/site/office-superintendent-bankruptcy/sites/default/files/documents/insolvency_statistiques_insolvabilite_march_2026.xlsx,2026-09-14
osb-a7b8b737a2d963c38965,osb-bia-insolvency-statistics-2026-03,2026-02,Newfoundland and Labrador,province,consumer,not_applicable,Proposal,not_available,Volume,Number,166,published,https://ised-isde.canada.ca/site/office-superintendent-bankruptcy/sites/default/files/documents/insolvency_statistiques_insolvabilite_march_2026.xlsx,2026-09-14
osb-200ed175899dd8e2b148,osb-bia-insolvency-statistics-2026-03,2026-03,Newfoundland and Labrador,province,consumer,not_applicable,Proposal,not_available,Volume,Number,165,published,https://ised-isde.canada.ca/site/office-superintendent-bankruptcy/sites/default/files/documents/insolvency_statistiques_insolvabilite_march_2026.xlsx,2026-09-14
osb-526c4b7d6f0d24205d7d,osb-bia-insolvency-statistics-2026-03,2026-01,Prince Edward Island,province,consumer,not_applicable,Bankruptcy,not_available,Volume,Number,11,published,https://ised-isde.canada.ca/site/office-superintendent-bankruptcy/sites/default/files/documents/insolvency_statistiques_insolvabilite_march_2026.xlsx,2026-09-14
osb-881cfaa680980ad2c0cc,osb-bia-insolvency-statistics-2026-03,2026-02,Prince Edward Island,province,consumer,not_applicable,Bankruptcy,not_available,Volume,Number,16,published,https://ised-isde.canada.ca/site/office-superintendent-bankruptcy/sites/default/files/documents/insolvency_statistiques_insolvabilite_march_2026.xlsx,2026-09-14
osb-160595b52fc9e399f270,osb-bia-insolvency-statistics-2026-03,2026-03,Prince Edward Island,province,consumer,not_applicable,Bankruptcy,not_available,Volume,Number,9,published,https://ised-isde.canada.ca/site/office-superintendent-bankruptcy/sites/default/files/documents/insolvency_statistiques_insolvabilite_march_2026.xlsx,2026-09-14
osb-af99a4ef61c908672e2a,osb-bia-insolvency-statistics-2026-03,2026-01,Prince Edward Island,province,consumer,not_applicable,Proposal,not_available,Volume,Number,37,published,https://ised-isde.canada.ca/site/office-superintendent-bankruptcy/sites/default/files/documents/insolvency_statistiques_insolvabilite_march_2026.xlsx,2026-09-14
osb-f0e364d96882152d9d0b,osb-bia-insolvency-statistics-2026-03,2026-02,Prince Edward Island,province,consumer,not_applicable,Proposal,not_available,Volume,Number,44,published,https://ised-isde.canada.ca/site/office-superintendent-bankruptcy/sites/default/files/documents/insolvency_statistiques_insolvabilite_march_2026.xlsx,2026-09-14
osb-c8de150c53613d713eee,osb-bia-insolvency-statistics-2026-03,2026-03,Prince Edward Island,province,consumer,not_applicable,Proposal,not_available,Volume,Number,49,published,https://ised-isde.canada.ca/site/office-superintendent-bankruptcy/sites/default/files/documents/insolvency_statistiques_insolvabilite_march_2026.xlsx,2026-09-14
osb-17b65293903fa8ddc7b5,osb-bia-insolvency-statistics-2026-03,2026-01,Nova Scotia,province,consumer,not_applicable,Bankruptcy,not_available,Volume,Number,79,published,https://ised-isde.canada.ca/site/office-superintendent-bankruptcy/sites/default/files/documents/insolvency_statistiques_insolvabilite_march_2026.xlsx,2026-09-14
osb-88333fe8010fbc60ddc1,osb-bia-insolvency-statistics-2026-03,2026-02,Nova Scotia,province,consumer,not_applicable,Bankruptcy,not_available,Volume,Number,76,published,https://ised-isde.canada.ca/site/office-superintendent-bankruptcy/sites/default/files/documents/insolvency_statistiques_insolvabilite_march_2026.xlsx,2026-09-14
osb-c65de5c680877b94b389,osb-bia-insolvency-statistics-2026-03,2026-03,Nova Scotia,province,consumer,not_applicable,Bankruptcy,not_available,Volume,Number,119,published,https://ised-isde.canada.ca/site/office-superintendent-bankruptcy/sites/default/files/documents/insolvency_statistiques_insolvabilite_march_2026.xlsx,2026-09-14
osb-e1376aea7ff05edc0382,osb-bia-insolvency-statistics-2026-03,2026-01,Nova Scotia,province,consumer,not_applicable,Proposal,not_available,Volume,Number,234,published,https://ised-isde.canada.ca/site/office-superintendent-bankruptcy/sites/default/files/documents/insolvency_statistiques_insolvabilite_march_2026.xlsx,2026-09-14
osb-969c5cbe2d2b0b20fbb0,osb-bia-insolvency-statistics-2026-03,2026-02,Nova Scotia,province,consumer,not_applicable,Proposal,not_available,Volume,Number,266,published,https://ised-isde.canada.ca/site/office-superintendent-bankruptcy/sites/default/files/documents/insolvency_statistiques_insolvabilite_march_2026.xlsx,2026-09-14
osb-0e5f312af11164c0f497,osb-bia-insolvency-statistics-2026-03,2026-03,Nova Scotia,province,consumer,not_applicable,Proposal,not_available,Volume,Number,289,published,https://ised-isde.canada.ca/site/office-superintendent-bankruptcy/sites/default/files/documents/insolvency_statistiques_insolvabilite_march_2026.xlsx,2026-09-14
osb-df01e2e4210a6b7ba2d5,osb-bia-insolvency-statistics-2026-03,2026-01,New Brunswick,province,consumer,not_applicable,Bankruptcy,not_available,Volume,Number,59,published,https://ised-isde.canada.ca/site/office-superintendent-bankruptcy/sites/default/files/documents/insolvency_statistiques_insolvabilite_march_2026.xlsx,2026-09-14
osb-65a577bfe84118d31db8,osb-bia-insolvency-statistics-2026-03,2026-02,New Brunswick,province,consumer,not_applicable,Bankruptcy,not_available,Volume,Number,73,published,https://ised-isde.canada.ca/site/office-superintendent-bankruptcy/sites/default/files/documents/insolvency_statistiques_insolvabilite_march_2026.xlsx,2026-09-14
osb-1a7adce42a8cdbc6d41f,osb-bia-insolvency-statistics-2026-03,2026-03,New Brunswick,province,consumer,not_applicable,Bankruptcy,not_available,Volume,Number,68,published,https://ised-isde.canada.ca/site/office-superintendent-bankruptcy/sites/default/files/documents/insolvency_statistiques_insolvabilite_march_2026.xlsx,2026-09-14
osb-b70010bf5526c94eb434,osb-bia-insolvency-statistics-2026-03,2026-01,New Brunswick,province,consumer,not_applicable,Proposal,not_available,Volume,Number,191,published,https://ised-isde.canada.ca/site/office-superintendent-bankruptcy/sites/default/files/documents/insolvency_statistiques_insolvabilite_march_2026.xlsx,2026-09-14
osb-7ce12408a01025a902e4,osb-bia-insolvency-statistics-2026-03,2026-02,New Brunswick,province,consumer,not_applicable,Proposal,not_available,Volume,Number,234,published,https://ised-isde.canada.ca/site/office-superintendent-bankruptcy/sites/default/files/documents/insolvency_statistiques_insolvabilite_march_2026.xlsx,2026-09-14
osb-d9ec1773605f7797880a,osb-bia-insolvency-statistics-2026-03,2026-03,New Brunswick,province,consumer,not_applicable,Proposal,not_available,Volume,Number,257,published,https://ised-isde.canada.ca/site/office-superintendent-bankruptcy/sites/default/files/documents/insolvency_statistiques_insolvabilite_march_2026.xlsx,2026-09-14
osb-b7b5f908aa87100cba19,osb-bia-insolvency-statistics-2026-03,2026-01,Quebec,province,consumer,not_applicable,Bankruptcy,not_available,Volume,Number,861,published,https://ised-isde.canada.ca/site/office-superintendent-bankruptcy/sites/default/files/documents/insolvency_statistiques_insolvabilite_march_2026.xlsx,2026-09-14
osb-d7555329262f29254ee2,osb-bia-insolvency-statistics-2026-03,2026-02,Quebec,province,consumer,not_applicable,Bankruptcy,not_available,Volume,Number,883,published,https://ised-isde.canada.ca/site/office-superintendent-bankruptcy/sites/default/files/documents/insolvency_statistiques_insolvabilite_march_2026.xlsx,2026-09-14
osb-bc5223fa3d679a945698,osb-bia-insolvency-statistics-2026-03,2026-03,Quebec,province,consumer,not_applicable,Bankruptcy,not_available,Volume,Number,858,published,https://ised-isde.canada.ca/site/office-superintendent-bankruptcy/sites/default/files/documents/insolvency_statistiques_insolvabilite_march_2026.xlsx,2026-09-14
osb-0716fffcf7e2c2c271d5,osb-bia-insolvency-statistics-2026-03,2026-01,Quebec,province,consumer,not_applicable,Proposal,not_available,Volume,Number,2176,published,https://ised-isde.canada.ca/site/office-superintendent-bankruptcy/sites/default/files/documents/insolvency_statistiques_insolvabilite_march_2026.xlsx,2026-09-14
osb-cfd20fd9d5e91944c07f,osb-bia-insolvency-statistics-2026-03,2026-02,Quebec,province,consumer,not_applicable,Proposal,not_available,Volume,Number,2283,published,https://ised-isde.canada.ca/site/office-superintendent-bankruptcy/sites/default/files/documents/insolvency_statistiques_insolvabilite_march_2026.xlsx,2026-09-14
osb-f94e2fa3b5c70c5d8393,osb-bia-insolvency-statistics-2026-03,2026-03,Quebec,province,consumer,not_applicable,Proposal,not_available,Volume,Number,2354,published,https://ised-isde.canada.ca/site/office-superintendent-bankruptcy/sites/default/files/documents/insolvency_statistiques_insolvabilite_march_2026.xlsx,2026-09-14
osb-dbfde19d4a255e6ec78e,osb-bia-insolvency-statistics-2026-03,2026-01,Ontario,province,consumer,not_applicable,Bankruptcy,not_available,Volume,Number,764,published,https://ised-isde.canada.ca/site/office-superintendent-bankruptcy/sites/default/files/documents/insolvency_statistiques_insolvabilite_march_2026.xlsx,2026-09-14
osb-a8f65566434f2ac85e10,osb-bia-insolvency-statistics-2026-03,2026-02,Ontario,province,consumer,not_applicable,Bankruptcy,not_available,Volume,Number,865,published,https://ised-isde.canada.ca/site/office-superintendent-bankruptcy/sites/default/files/documents/insolvency_statistiques_insolvabilite_march_2026.xlsx,2026-09-14
osb-d11da949bc0c217365d9,osb-bia-insolvency-statistics-2026-03,2026-03,Ontario,province,consumer,not_applicable,Bankruptcy,not_available,Volume,Number,1017,published,https://ised-isde.canada.ca/site/office-superintendent-bankruptcy/sites/default/files/documents/insolvency_statistiques_insolvabilite_march_2026.xlsx,2026-09-14
osb-14c8a28d798530ba9c3b,osb-bia-insolvency-statistics-2026-03,2026-01,Ontario,province,consumer,not_applicable,Proposal,not_available,Volume,Number,3405,published,https://ised-isde.canada.ca/site/office-superintendent-bankruptcy/sites/default/files/documents/insolvency_statistiques_insolvabilite_march_2026.xlsx,2026-09-14
osb-d69ba26f625afaf4c7a0,osb-bia-insolvency-statistics-2026-03,2026-02,Ontario,province,consumer,not_applicable,Proposal,not_available,Volume,Number,3770,published,https://ised-isde.canada.ca/site/office-superintendent-bankruptcy/sites/default/files/documents/insolvency_statistiques_insolvabilite_march_2026.xlsx,2026-09-14
osb-93fe310345308f4f6252,osb-bia-insolvency-statistics-2026-03,2026-03,Ontario,province,consumer,not_applicable,Proposal,not_available,Volume,Number,4092,published,https://ised-isde.canada.ca/site/office-superintendent-bankruptcy/sites/default/files/documents/insolvency_statistiques_insolvabilite_march_2026.xlsx,2026-09-14
osb-ba2e8ae60722196068b7,osb-bia-insolvency-statistics-2026-03,2026-01,Manitoba,province,consumer,not_applicable,Bankruptcy,not_available,Volume,Number,56,published,https://ised-isde.canada.ca/site/office-superintendent-bankruptcy/sites/default/files/documents/insolvency_statistiques_insolvabilite_march_2026.xlsx,2026-09-14
osb-5312bf35756d61bd024b,osb-bia-insolvency-statistics-2026-03,2026-02,Manitoba,province,consumer,not_applicable,Bankruptcy,not_available,Volume,Number,62,published,https://ised-isde.canada.ca/site/office-superintendent-bankruptcy/sites/default/files/documents/insolvency_statistiques_insolvabilite_march_2026.xlsx,2026-09-14
osb-4b30b3528ce90a6d68cc,osb-bia-insolvency-statistics-2026-03,2026-03,Manitoba,province,consumer,not_applicable,Bankruptcy,not_available,Volume,Number,86,published,https://ised-isde.canada.ca/site/office-superintendent-bankruptcy/sites/default/files/documents/insolvency_statistiques_insolvabilite_march_2026.xlsx,2026-09-14
osb-f35508deb96888196ab9,osb-bia-insolvency-statistics-2026-03,2026-01,Manitoba,province,consumer,not_applicable,Proposal,not_available,Volume,Number,226,published,https://ised-isde.canada.ca/site/office-superintendent-bankruptcy/sites/default/files/documents/insolvency_statistiques_insolvabilite_march_2026.xlsx,2026-09-14
osb-b66d3f186354a8b305ef,osb-bia-insolvency-statistics-2026-03,2026-02,Manitoba,province,consumer,not_applicable,Proposal,not_available,Volume,Number,280,published,https://ised-isde.canada.ca/site/office-superintendent-bankruptcy/sites/default/files/documents/insolvency_statistiques_insolvabilite_march_2026.xlsx,2026-09-14
osb-288078c951423b15b790,osb-bia-insolvency-statistics-2026-03,2026-03,Manitoba,province,consumer,not_applicable,Proposal,not_available,Volume,Number,316,published,https://ised-isde.canada.ca/site/office-superintendent-bankruptcy/sites/default/files/documents/insolvency_statistiques_insolvabilite_march_2026.xlsx,2026-09-14
osb-3fcd2ba7c7ee51e1c0e0,osb-bia-insolvency-statistics-2026-03,2026-01,Saskatchewan,province,consumer,not_applicable,Bankruptcy,not_available,Volume,Number,60,published,https://ised-isde.canada.ca/site/office-superintendent-bankruptcy/sites/default/files/documents/insolvency_statistiques_insolvabilite_march_2026.xlsx,2026-09-14
osb-163396c437f7665d4c8f,osb-bia-insolvency-statistics-2026-03,2026-02,Saskatchewan,province,consumer,not_applicable,Bankruptcy,not_available,Volume,Number,49,published,https://ised-isde.canada.ca/site/office-superintendent-bankruptcy/sites/default/files/documents/insolvency_statistiques_insolvabilite_march_2026.xlsx,2026-09-14
osb-3984b43fae7cf4dca0b1,osb-bia-insolvency-statistics-2026-03,2026-03,Saskatchewan,province,consumer,not_applicable,Bankruptcy,not_available,Volume,Number,78,published,https://ised-isde.canada.ca/site/office-superintendent-bankruptcy/sites/default/files/documents/insolvency_statistiques_insolvabilite_march_2026.xlsx,2026-09-14
osb-0e906061b3c28be921c0,osb-bia-insolvency-statistics-2026-03,2026-01,Saskatchewan,province,consumer,not_applicable,Proposal,not_available,Volume,Number,216,published,https://ised-isde.canada.ca/site/office-superintendent-bankruptcy/sites/default/files/documents/insolvency_statistiques_insolvabilite_march_2026.xlsx,2026-09-14
osb-d2488ce48d94b2d1a5be,osb-bia-insolvency-statistics-2026-03,2026-02,Saskatchewan,province,consumer,not_applicable,Proposal,not_available,Volume,Number,267,published,https://ised-isde.canada.ca/site/office-superintendent-bankruptcy/sites/default/files/documents/insolvency_statistiques_insolvabilite_march_2026.xlsx,2026-09-14
osb-a8456fb274aa8357ae2e,osb-bia-insolvency-statistics-2026-03,2026-03,Saskatchewan,province,consumer,not_applicable,Proposal,not_available,Volume,Number,257,published,https://ised-isde.canada.ca/site/office-superintendent-bankruptcy/sites/default/files/documents/insolvency_statistiques_insolvabilite_march_2026.xlsx,2026-09-14
osb-8ca19b9c05a1e9e1bcf5,osb-bia-insolvency-statistics-2026-03,2026-01,Alberta,province,consumer,not_applicable,Bankruptcy,not_available,Volume,Number,234,published,https://ised-isde.canada.ca/site/office-superintendent-bankruptcy/sites/default/files/documents/insolvency_statistiques_insolvabilite_march_2026.xlsx,2026-09-14
osb-9ed7ccf84bb4b3d25801,osb-bia-insolvency-statistics-2026-03,2026-02,Alberta,province,consumer,not_applicable,Bankruptcy,not_available,Volume,Number,236,published,https://ised-isde.canada.ca/site/office-superintendent-bankruptcy/sites/default/files/documents/insolvency_statistiques_insolvabilite_march_2026.xlsx,2026-09-14
osb-458a626948e80420b294,osb-bia-insolvency-statistics-2026-03,2026-03,Alberta,province,consumer,not_applicable,Bankruptcy,not_available,Volume,Number,272,published,https://ised-isde.canada.ca/site/office-superintendent-bankruptcy/sites/default/files/documents/insolvency_statistiques_insolvabilite_march_2026.xlsx,2026-09-14
osb-3a65752b33f8d72a61a0,osb-bia-insolvency-statistics-2026-03,2026-01,Alberta,province,consumer,not_applicable,Proposal,not_available,Volume,Number,1232,published,https://ised-isde.canada.ca/site/office-superintendent-bankruptcy/sites/default/files/documents/insolvency_statistiques_insolvabilite_march_2026.xlsx,2026-09-14
osb-2ea6fc2177c9f6c4feca,osb-bia-insolvency-statistics-2026-03,2026-02,Alberta,province,consumer,not_applicable,Proposal,not_available,Volume,Number,1324,published,https://ised-isde.canada.ca/site/office-superintendent-bankruptcy/sites/default/files/documents/insolvency_statistiques_insolvabilite_march_2026.xlsx,2026-09-14
osb-e4a0558c4adbadb1768b,osb-bia-insolvency-statistics-2026-03,2026-03,Alberta,province,consumer,not_applicable,Proposal,not_available,Volume,Number,1567,published,https://ised-isde.canada.ca/site/office-superintendent-bankruptcy/sites/default/files/documents/insolvency_statistiques_insolvabilite_march_2026.xlsx,2026-09-14
osb-4beb3d49d3877a2a7b0f,osb-bia-insolvency-statistics-2026-03,2026-01,British Columbia,province,consumer,not_applicable,Bankruptcy,not_available,Volume,Number,184,published,https://ised-isde.canada.ca/site/office-superintendent-bankruptcy/sites/default/files/documents/insolvency_statistiques_insolvabilite_march_2026.xlsx,2026-09-14
osb-1a898a3d76410da8a8d2,osb-bia-insolvency-statistics-2026-03,2026-02,British Columbia,province,consumer,not_applicable,Bankruptcy,not_available,Volume,Number,189,published,https://ised-isde.canada.ca/site/office-superintendent-bankruptcy/sites/default/files/documents/insolvency_statistiques_insolvabilite_march_2026.xlsx,2026-09-14
osb-5baf6c4802024bde7862,osb-bia-insolvency-statistics-2026-03,2026-03,British Columbia,province,consumer,not_applicable,Bankruptcy,not_available,Volume,Number,195,published,https://ised-isde.canada.ca/site/office-superintendent-bankruptcy/sites/default/files/documents/insolvency_statistiques_insolvabilite_march_2026.xlsx,2026-09-14
osb-f5b7c435231b16cbf204,osb-bia-insolvency-statistics-2026-03,2026-01,British Columbia,province,consumer,not_applicable,Proposal,not_available,Volume,Number,1180,published,https://ised-isde.canada.ca/site/office-superintendent-bankruptcy/sites/default/files/documents/insolvency_statistiques_insolvabilite_march_2026.xlsx,2026-09-14
osb-fa843bf21906f15e6887,osb-bia-insolvency-statistics-2026-03,2026-02,British Columbia,province,consumer,not_applicable,Proposal,not_available,Volume,Number,1186,published,https://ised-isde.canada.ca/site/office-superintendent-bankruptcy/sites/default/files/documents/insolvency_statistiques_insolvabilite_march_2026.xlsx,2026-09-14
osb-3d44ea60daac6f0c5b19,osb-bia-insolvency-statistics-2026-03,2026-03,British Columbia,province,consumer,not_applicable,Proposal,not_available,Volume,Number,1300,published,https://ised-isde.canada.ca/site/office-superintendent-bankruptcy/sites/default/files/documents/insolvency_statistiques_insolvabilite_march_2026.xlsx,2026-09-14
osb-d0ba71501f1dbc8e658d,osb-bia-insolvency-statistics-2026-03,2026-01,Northwest Territories,province,consumer,not_applicable,Bankruptcy,not_available,Volume,Number,1,published,https://ised-isde.canada.ca/site/office-superintendent-bankruptcy/sites/default/files/documents/insolvency_statistiques_insolvabilite_march_2026.xlsx,2026-09-14
osb-2c9b1fb9166f0b54a9e5,osb-bia-insolvency-statistics-2026-03,2026-02,Northwest Territories,province,consumer,not_applicable,Bankruptcy,not_available,Volume,Number,0,published,https://ised-isde.canada.ca/site/office-superintendent-bankruptcy/sites/default/files/documents/insolvency_statistiques_insolvabilite_march_2026.xlsx,2026-09-14
osb-717b9e3b8516a5186847,osb-bia-insolvency-statistics-2026-03,2026-03,Northwest Territories,province,consumer,not_applicable,Bankruptcy,not_available,Volume,Number,0,published,https://ised-isde.canada.ca/site/office-superintendent-bankruptcy/sites/default/files/documents/insolvency_statistiques_insolvabilite_march_2026.xlsx,2026-09-14
osb-495843c36fe255902a9f,osb-bia-insolvency-statistics-2026-03,2026-01,Northwest Territories,province,consumer,not_applicable,Proposal,not_available,Volume,Number,0,published,https://ised-isde.canada.ca/site/office-superintendent-bankruptcy/sites/default/files/documents/insolvency_statistiques_insolvabilite_march_2026.xlsx,2026-09-14
osb-fb5c6a4f099cb90b354f,osb-bia-insolvency-statistics-2026-03,2026-02,Northwest Territories,province,consumer,not_applicable,Proposal,not_available,Volume,Number,5,published,https://ised-isde.canada.ca/site/office-superintendent-bankruptcy/sites/default/files/documents/insolvency_statistiques_insolvabilite_march_2026.xlsx,2026-09-14
osb-afc870f4690c60c128be,osb-bia-insolvency-statistics-2026-03,2026-03,Northwest Territories,province,consumer,not_applicable,Proposal,not_available,Volume,Number,10,published,https://ised-isde.canada.ca/site/office-superintendent-bankruptcy/sites/default/files/documents/insolvency_statistiques_insolvabilite_march_2026.xlsx,2026-09-14
osb-3d35cfa7d3810a419855,osb-bia-insolvency-statistics-2026-03,2026-01,Yukon,province,consumer,not_applicable,Bankruptcy,not_available,Volume,Number,2,published,https://ised-isde.canada.ca/site/office-superintendent-bankruptcy/sites/default/files/documents/insolvency_statistiques_insolvabilite_march_2026.xlsx,2026-09-14
osb-af7364071bd338170b83,osb-bia-insolvency-statistics-2026-03,2026-02,Yukon,province,consumer,not_applicable,Bankruptcy,not_available,Volume,Number,0,published,https://ised-isde.canada.ca/site/office-superintendent-bankruptcy/sites/default/files/documents/insolvency_statistiques_insolvabilite_march_2026.xlsx,2026-09-14
osb-215b7ed73ee7e3e75eb0,osb-bia-insolvency-statistics-2026-03,2026-03,Yukon,province,consumer,not_applicable,Bankruptcy,not_available,Volume,Number,0,published,https://ised-isde.canada.ca/site/office-superintendent-bankruptcy/sites/default/files/documents/insolvency_statistiques_insolvabilite_march_2026.xlsx,2026-09-14
osb-7780a75dcf97c8ca9ddb,osb-bia-insolvency-statistics-2026-03,2026-01,Yukon,province,consumer,not_applicable,Proposal,not_available,Volume,Number,7,published,https://ised-isde.canada.ca/site/office-superintendent-bankruptcy/sites/default/files/documents/insolvency_statistiques_insolvabilite_march_2026.xlsx,2026-09-14
osb-4d8c7f86056c08135b9a,osb-bia-insolvency-statistics-2026-03,2026-02,Yukon,province,consumer,not_applicable,Proposal,not_available,Volume,Number,1,published,https://ised-isde.canada.ca/site/office-superintendent-bankruptcy/sites/default/files/documents/insolvency_statistiques_insolvabilite_march_2026.xlsx,2026-09-14
osb-fcf01f70a3a780dffde1,osb-bia-insolvency-statistics-2026-03,2026-03,Yukon,province,consumer,not_applicable,Proposal,not_available,Volume,Number,2,published,https://ised-isde.canada.ca/site/office-superintendent-bankruptcy/sites/default/files/documents/insolvency_statistiques_insolvabilite_march_2026.xlsx,2026-09-14
osb-61a380f30147e790e644,osb-bia-insolvency-statistics-2026-03,2026-01,Nunavut,province,consumer,not_applicable,Bankruptcy,not_available,Volume,Number,0,published,https://ised-isde.canada.ca/site/office-superintendent-bankruptcy/sites/default/files/documents/insolvency_statistiques_insolvabilite_march_2026.xlsx,2026-09-14
osb-3adc0e626a6998394d5f,osb-bia-insolvency-statistics-2026-03,2026-02,Nunavut,province,consumer,not_applicable,Bankruptcy,not_available,Volume,Number,0,published,https://ised-isde.canada.ca/site/office-superintendent-bankruptcy/sites/default/files/documents/insolvency_statistiques_insolvabilite_march_2026.xlsx,2026-09-14
osb-4989c364945aecd71553,osb-bia-insolvency-statistics-2026-03,2026-03,Nunavut,province,consumer,not_applicable,Bankruptcy,not_available,Volume,Number,0,published,https://ised-isde.canada.ca/site/office-superintendent-bankruptcy/sites/default/files/documents/insolvency_statistiques_insolvabilite_march_2026.xlsx,2026-09-14
osb-b3cc77958f1e437ec1bf,osb-bia-insolvency-statistics-2026-03,2026-01,Nunavut,province,consumer,not_applicable,Proposal,not_available,Volume,Number,0,published,https://ised-isde.canada.ca/site/office-superintendent-bankruptcy/sites/default/files/documents/insolvency_statistiques_insolvabilite_march_2026.xlsx,2026-09-14
osb-35cc91c65f6df5b1734f,osb-bia-insolvency-statistics-2026-03,2026-02,Nunavut,province,consumer,not_applicable,Proposal,not_available,Volume,Number,2,published,https://ised-isde.canada.ca/site/office-superintendent-bankruptcy/sites/default/files/documents/insolvency_statistiques_insolvabilite_march_2026.xlsx,2026-09-14
osb-ab5da240002fe90039ff,osb-bia-insolvency-statistics-2026-03,2026-03,Nunavut,province,consumer,not_applicable,Proposal,not_available,Volume,Number,0,published,https://ised-isde.canada.ca/site/office-superintendent-bankruptcy/sites/default/files/documents/insolvency_statistiques_insolvabilite_march_2026.xlsx,2026-09-14
osb-dca08ef9a63188673f76,osb-bia-insolvency-statistics-2026-03,2026-01,Canada,province,consumer,not_applicable,Bankruptcy,not_available,Volume,Number,2349,published,https://ised-isde.canada.ca/site/office-superintendent-bankruptcy/sites/default/files/documents/insolvency_statistiques_insolvabilite_march_2026.xlsx,2026-09-14
osb-d824d252e853a1ad1093,osb-bia-insolvency-statistics-2026-03,2026-02,Canada,province,consumer,not_applicable,Bankruptcy,not_available,Volume,Number,2479,published,https://ised-isde.canada.ca/site/office-superintendent-bankruptcy/sites/default/files/documents/insolvency_statistiques_insolvabilite_march_2026.xlsx,2026-09-14
osb-6a46ce86d050b253ebb4,osb-bia-insolvency-statistics-2026-03,2026-03,Canada,province,consumer,not_applicable,Bankruptcy,not_available,Volume,Number,2748,published,https://ised-isde.canada.ca/site/office-superintendent-bankruptcy/sites/default/files/documents/insolvency_statistiques_insolvabilite_march_2026.xlsx,2026-09-14
osb-7760efd44013f80ed89f,osb-bia-insolvency-statistics-2026-03,2026-01,Canada,province,consumer,not_applicable,Proposal,not_available,Volume,Number,9059,published,https://ised-isde.canada.ca/site/office-superintendent-bankruptcy/sites/default/files/documents/insolvency_statistiques_insolvabilite_march_2026.xlsx,2026-09-14
osb-89d991d6524ab579b022,osb-bia-insolvency-statistics-2026-03,2026-02,Canada,province,consumer,not_applicable,Proposal,not_available,Volume,Number,9828,published,https://ised-isde.canada.ca/site/office-superintendent-bankruptcy/sites/default/files/documents/insolvency_statistiques_insolvabilite_march_2026.xlsx,2026-09-14
osb-b3ba1424da70b28e1f9e,osb-bia-insolvency-statistics-2026-03,2026-03,Canada,province,consumer,not_applicable,Proposal,not_available,Volume,Number,10658,published,https://ised-isde.canada.ca/site/office-superintendent-bankruptcy/sites/default/files/documents/insolvency_statistiques_insolvabilite_march_2026.xlsx,2026-09-14
osb-7546367379a8867e5083,osb-bia-insolvency-statistics-2026-03,2026-01,Newfoundland and Labrador,province,business,all_businesses,Bankruptcy,not_available,Volume,Number,0,published,https://ised-isde.canada.ca/site/office-superintendent-bankruptcy/sites/default/files/documents/insolvency_statistiques_insolvabilite_march_2026.xlsx,2026-09-14
osb-a16e6587d320fada692d,osb-bia-insolvency-statistics-2026-03,2026-02,Newfoundland and Labrador,province,business,all_businesses,Bankruptcy,not_available,Volume,Number,1,published,https://ised-isde.canada.ca/site/office-superintendent-bankruptcy/sites/default/files/documents/insolvency_statistiques_insolvabilite_march_2026.xlsx,2026-09-14
osb-2ade7271baa6c394b2fe,osb-bia-insolvency-statistics-2026-03,2026-03,Newfoundland and Labrador,province,business,all_businesses,Bankruptcy,not_available,Volume,Number,3,published,https://ised-isde.canada.ca/site/office-superintendent-bankruptcy/sites/default/files/documents/insolvency_statistiques_insolvabilite_march_2026.xlsx,2026-09-14
osb-2b9d239df5c6d0c24eea,osb-bia-insolvency-statistics-2026-03,2026-01,Newfoundland and Labrador,province,business,all_businesses,Proposal,not_available,Volume,Number,0,published,https://ised-isde.canada.ca/site/office-superintendent-bankruptcy/sites/default/files/documents/insolvency_statistiques_insolvabilite_march_2026.xlsx,2026-09-14
osb-6b2059023859c6a3f115,osb-bia-insolvency-statistics-2026-03,2026-02,Newfoundland and Labrador,province,business,all_businesses,Proposal,not_available,Volume,Number,1,published,https://ised-isde.canada.ca/site/office-superintendent-bankruptcy/sites/default/files/documents/insolvency_statistiques_insolvabilite_march_2026.xlsx,2026-09-14
osb-caad13227af46e79e5b3,osb-bia-insolvency-statistics-2026-03,2026-03,Newfoundland and Labrador,province,business,all_businesses,Proposal,not_available,Volume,Number,2,published,https://ised-isde.canada.ca/site/office-superintendent-bankruptcy/sites/default/files/documents/insolvency_statistiques_insolvabilite_march_2026.xlsx,2026-09-14
osb-c92e963273e9ee457a1e,osb-bia-insolvency-statistics-2026-03,2026-01,Prince Edward Island,province,business,all_businesses,Bankruptcy,not_available,Volume,Number,0,published,https://ised-isde.canada.ca/site/office-superintendent-bankruptcy/sites/default/files/documents/insolvency_statistiques_insolvabilite_march_2026.xlsx,2026-09-14
osb-33fcda2544c17f196b21,osb-bia-insolvency-statistics-2026-03,2026-02,Prince Edward Island,province,business,all_businesses,Bankruptcy,not_available,Volume,Number,0,published,https://ised-isde.canada.ca/site/office-superintendent-bankruptcy/sites/default/files/documents/insolvency_statistiques_insolvabilite_march_2026.xlsx,2026-09-14
osb-ac9ae08ebd4b49cade79,osb-bia-insolvency-statistics-2026-03,2026-03,Prince Edward Island,province,business,all_businesses,Bankruptcy,not_available,Volume,Number,0,published,https://ised-isde.canada.ca/site/office-superintendent-bankruptcy/sites/default/files/documents/insolvency_statistiques_insolvabilite_march_2026.xlsx,2026-09-14
osb-ed41b6216b1957058beb,osb-bia-insolvency-statistics-2026-03,2026-01,Prince Edward Island,province,business,all_businesses,Proposal,not_available,Volume,Number,0,published,https://ised-isde.canada.ca/site/office-superintendent-bankruptcy/sites/default/files/documents/insolvency_statistiques_insolvabilite_march_2026.xlsx,2026-09-14
osb-8f2cb7f0fec488b3a458,osb-bia-insolvency-statistics-2026-03,2026-02,Prince Edward Island,province,business,all_businesses,Proposal,not_available,Volume,Number,1,published,https://ised-isde.canada.ca/site/office-superintendent-bankruptcy/sites/default/files/documents/insolvency_statistiques_insolvabilite_march_2026.xlsx,2026-09-14
osb-47f9a8b243911b80ba3a,osb-bia-insolvency-statistics-2026-03,2026-03,Prince Edward Island,province,business,all_businesses,Proposal,not_available,Volume,Number,0,published,https://ised-isde.canada.ca/site/office-superintendent-bankruptcy/sites/default/files/documents/insolvency_statistiques_insolvabilite_march_2026.xlsx,2026-09-14
osb-904e963c60cad2315bd8,osb-bia-insolvency-statistics-2026-03,2026-01,Nova Scotia,province,business,all_businesses,Bankruptcy,not_available,Volume,Number,0,published,https://ised-isde.canada.ca/site/office-superintendent-bankruptcy/sites/default/files/documents/insolvency_statistiques_insolvabilite_march_2026.xlsx,2026-09-14
osb-b8f77c5d12a3ab12860f,osb-bia-insolvency-statistics-2026-03,2026-02,Nova Scotia,province,business,all_businesses,Bankruptcy,not_available,Volume,Number,2,published,https://ised-isde.canada.ca/site/office-superintendent-bankruptcy/sites/default/files/documents/insolvency_statistiques_insolvabilite_march_2026.xlsx,2026-09-14
osb-9c904abf5dda59f9174f,osb-bia-insolvency-statistics-2026-03,2026-03,Nova Scotia,province,business,all_businesses,Bankruptcy,not_available,Volume,Number,2,published,https://ised-isde.canada.ca/site/office-superintendent-bankruptcy/sites/default/files/documents/insolvency_statistiques_insolvabilite_march_2026.xlsx,2026-09-14
osb-21dc34aab9f3b764b3c7,osb-bia-insolvency-statistics-2026-03,2026-01,Nova Scotia,province,business,all_businesses,Proposal,not_available,Volume,Number,3,published,https://ised-isde.canada.ca/site/office-superintendent-bankruptcy/sites/default/files/documents/insolvency_statistiques_insolvabilite_march_2026.xlsx,2026-09-14
osb-5162bcc4205bf717b60f,osb-bia-insolvency-statistics-2026-03,2026-02,Nova Scotia,province,business,all_businesses,Proposal,not_available,Volume,Number,1,published,https://ised-isde.canada.ca/site/office-superintendent-bankruptcy/sites/default/files/documents/insolvency_statistiques_insolvabilite_march_2026.xlsx,2026-09-14
osb-12051204cef418428b7c,osb-bia-insolvency-statistics-2026-03,2026-03,Nova Scotia,province,business,all_businesses,Proposal,not_available,Volume,Number,0,published,https://ised-isde.canada.ca/site/office-superintendent-bankruptcy/sites/default/files/documents/insolvency_statistiques_insolvabilite_march_2026.xlsx,2026-09-14
osb-655820d14c8ad8c4df5a,osb-bia-insolvency-statistics-2026-03,2026-01,New Brunswick,province,business,all_businesses,Bankruptcy,not_available,Volume,Number,0,published,https://ised-isde.canada.ca/site/office-superintendent-bankruptcy/sites/default/files/documents/insolvency_statistiques_insolvabilite_march_2026.xlsx,2026-09-14
osb-c4183cd186a627f8825f,osb-bia-insolvency-statistics-2026-03,2026-02,New Brunswick,province,business,all_businesses,Bankruptcy,not_available,Volume,Number,3,published,https://ised-isde.canada.ca/site/office-superintendent-bankruptcy/sites/default/files/documents/insolvency_statistiques_insolvabilite_march_2026.xlsx,2026-09-14
osb-f1d56ca66b22777ab051,osb-bia-insolvency-statistics-2026-03,2026-03,New Brunswick,province,business,all_businesses,Bankruptcy,not_available,Volume,Number,6,published,https://ised-isde.canada.ca/site/office-superintendent-bankruptcy/sites/default/files/documents/insolvency_statistiques_insolvabilite_march_2026.xlsx,2026-09-14
osb-3b5792d1a4e975f37b65,osb-bia-insolvency-statistics-2026-03,2026-01,New Brunswick,province,business,all_businesses,Proposal,not_available,Volume,Number,2,published,https://ised-isde.canada.ca/site/office-superintendent-bankruptcy/sites/default/files/documents/insolvency_statistiques_insolvabilite_march_2026.xlsx,2026-09-14
osb-f01e6bcacf8032fb7194,osb-bia-insolvency-statistics-2026-03,2026-02,New Brunswick,province,business,all_businesses,Proposal,not_available,Volume,Number,1,published,https://ised-isde.canada.ca/site/office-superintendent-bankruptcy/sites/default/files/documents/insolvency_statistiques_insolvabilite_march_2026.xlsx,2026-09-14
osb-92bcc45689ac6bb62ea1,osb-bia-insolvency-statistics-2026-03,2026-03,New Brunswick,province,business,all_businesses,Proposal,not_available,Volume,Number,1,published,https://ised-isde.canada.ca/site/office-superintendent-bankruptcy/sites/default/files/documents/insolvency_statistiques_insolvabilite_march_2026.xlsx,2026-09-14
osb-a2d6ad1556975ecb7217,osb-bia-insolvency-statistics-2026-03,2026-01,Quebec,province,business,all_businesses,Bankruptcy,not_available,Volume,Number,156,published,https://ised-isde.canada.ca/site/office-superintendent-bankruptcy/sites/default/files/documents/insolvency_statistiques_insolvabilite_march_2026.xlsx,2026-09-14
osb-e5739a331bd5b9181a56,osb-bia-insolvency-statistics-2026-03,2026-02,Quebec,province,business,all_businesses,Bankruptcy,not_available,Volume,Number,197,published,https://ised-isde.canada.ca/site/office-superintendent-bankruptcy/sites/default/files/documents/insolvency_statistiques_insolvabilite_march_2026.xlsx,2026-09-14
osb-ed19549de0610bde8a05,osb-bia-insolvency-statistics-2026-03,2026-03,Quebec,province,business,all_businesses,Bankruptcy,not_available,Volume,Number,177,published,https://ised-isde.canada.ca/site/office-superintendent-bankruptcy/sites/default/files/documents/insolvency_statistiques_insolvabilite_march_2026.xlsx,2026-09-14
osb-2e36cf3ac77fad466dc7,osb-bia-insolvency-statistics-2026-03,2026-01,Quebec,province,business,all_businesses,Proposal,not_available,Volume,Number,41,published,https://ised-isde.canada.ca/site/office-superintendent-bankruptcy/sites/default/files/documents/insolvency_statistiques_insolvabilite_march_2026.xlsx,2026-09-14
osb-c86f0237e9c70ced9590,osb-bia-insolvency-statistics-2026-03,2026-02,Quebec,province,business,all_businesses,Proposal,not_available,Volume,Number,47,published,https://ised-isde.canada.ca/site/office-superintendent-bankruptcy/sites/default/files/documents/insolvency_statistiques_insolvabilite_march_2026.xlsx,2026-09-14
osb-0ce15965fe065c613594,osb-bia-insolvency-statistics-2026-03,2026-03,Quebec,province,business,all_businesses,Proposal,not_available,Volume,Number,64,published,https://ised-isde.canada.ca/site/office-superintendent-bankruptcy/sites/default/files/documents/insolvency_statistiques_insolvabilite_march_2026.xlsx,2026-09-14
osb-e95481d8b12e3b7cb3c2,osb-bia-insolvency-statistics-2026-03,2026-01,Ontario,province,business,all_businesses,Bankruptcy,not_available,Volume,Number,97,published,https://ised-isde.canada.ca/site/office-superintendent-bankruptcy/sites/default/files/documents/insolvency_statistiques_insolvabilite_march_2026.xlsx,2026-09-14
osb-6f3198d384dd596bd485,osb-bia-insolvency-statistics-2026-03,2026-02,Ontario,province,business,all_businesses,Bankruptcy,not_available,Volume,Number,83,published,https://ised-isde.canada.ca/site/office-superintendent-bankruptcy/sites/default/files/documents/insolvency_statistiques_insolvabilite_march_2026.xlsx,2026-09-14
osb-ea3dffba9faa687d3813,osb-bia-insolvency-statistics-2026-03,2026-03,Ontario,province,business,all_businesses,Bankruptcy,not_available,Volume,Number,112,published,https://ised-isde.canada.ca/site/office-superintendent-bankruptcy/sites/default/files/documents/insolvency_statistiques_insolvabilite_march_2026.xlsx,2026-09-14
osb-333e67eb21318f5bafbe,osb-bia-insolvency-statistics-2026-03,2026-01,Ontario,province,business,all_businesses,Proposal,not_available,Volume,Number,20,published,https://ised-isde.canada.ca/site/office-superintendent-bankruptcy/sites/default/files/documents/insolvency_statistiques_insolvabilite_march_2026.xlsx,2026-09-14
osb-b507356d29984f3da695,osb-bia-insolvency-statistics-2026-03,2026-02,Ontario,province,business,all_businesses,Proposal,not_available,Volume,Number,23,published,https://ised-isde.canada.ca/site/office-superintendent-bankruptcy/sites/default/files/documents/insolvency_statistiques_insolvabilite_march_2026.xlsx,2026-09-14
osb-c9bb0d1feb6deab06998,osb-bia-insolvency-statistics-2026-03,2026-03,Ontario,province,business,all_businesses,Proposal,not_available,Volume,Number,33,published,https://ised-isde.canada.ca/site/office-superintendent-bankruptcy/sites/default/files/documents/insolvency_statistiques_insolvabilite_march_2026.xlsx,2026-09-14
osb-56f6fc31d97a2484a3a2,osb-bia-insolvency-statistics-2026-03,2026-01,Manitoba,province,business,all_businesses,Bankruptcy,not_available,Volume,Number,2,published,https://ised-isde.canada.ca/site/office-superintendent-bankruptcy/sites/default/files/documents/insolvency_statistiques_insolvabilite_march_2026.xlsx,2026-09-14
osb-6c9140d638de9192e979,osb-bia-insolvency-statistics-2026-03,2026-02,Manitoba,province,business,all_businesses,Bankruptcy,not_available,Volume,Number,3,published,https://ised-isde.canada.ca/site/office-superintendent-bankruptcy/sites/default/files/documents/insolvency_statistiques_insolvabilite_march_2026.xlsx,2026-09-14
osb-7edf3f65991a3d6652a5,osb-bia-insolvency-statistics-2026-03,2026-03,Manitoba,province,business,all_businesses,Bankruptcy,not_available,Volume,Number,0,published,https://ised-isde.canada.ca/site/office-superintendent-bankruptcy/sites/default/files/documents/insolvency_statistiques_insolvabilite_march_2026.xlsx,2026-09-14
osb-7037c2c89c591adcff63,osb-bia-insolvency-statistics-2026-03,2026-01,Manitoba,province,business,all_businesses,Proposal,not_available,Volume,Number,0,published,https://ised-isde.canada.ca/site/office-superintendent-bankruptcy/sites/default/files/documents/insolvency_statistiques_insolvabilite_march_2026.xlsx,2026-09-14
osb-3ad802ff5eb00784a6c8,osb-bia-insolvency-statistics-2026-03,2026-02,Manitoba,province,business,all_businesses,Proposal,not_available,Volume,Number,0,published,https://ised-isde.canada.ca/site/office-superintendent-bankruptcy/sites/default/files/documents/insolvency_statistiques_insolvabilite_march_2026.xlsx,2026-09-14
osb-5897458f1f6e91190946,osb-bia-insolvency-statistics-2026-03,2026-03,Manitoba,province,business,all_businesses,Proposal,not_available,Volume,Number,0,published,https://ised-isde.canada.ca/site/office-superintendent-bankruptcy/sites/default/files/documents/insolvency_statistiques_insolvabilite_march_2026.xlsx,2026-09-14
osb-eb161ce7500fa5c6b4e2,osb-bia-insolvency-statistics-2026-03,2026-01,Saskatchewan,province,business,all_businesses,Bankruptcy,not_available,Volume,Number,0,published,https://ised-isde.canada.ca/site/office-superintendent-bankruptcy/sites/default/files/documents/insolvency_statistiques_insolvabilite_march_2026.xlsx,2026-09-14
osb-4b8237b4ecbbea8492a8,osb-bia-insolvency-statistics-2026-03,2026-02,Saskatchewan,province,business,all_businesses,Bankruptcy,not_available,Volume,Number,2,published,https://ised-isde.canada.ca/site/office-superintendent-bankruptcy/sites/default/files/documents/insolvency_statistiques_insolvabilite_march_2026.xlsx,2026-09-14
osb-e7b44a847c1d62a5a5b1,osb-bia-insolvency-statistics-2026-03,2026-03,Saskatchewan,province,business,all_businesses,Bankruptcy,not_available,Volume,Number,1,published,https://ised-isde.canada.ca/site/office-superintendent-bankruptcy/sites/default/files/documents/insolvency_statistiques_insolvabilite_march_2026.xlsx,2026-09-14
osb-9f3d9a4eb77289c13e5c,osb-bia-insolvency-statistics-2026-03,2026-01,Saskatchewan,province,business,all_businesses,Proposal,not_available,Volume,Number,1,published,https://ised-isde.canada.ca/site/office-superintendent-bankruptcy/sites/default/files/documents/insolvency_statistiques_insolvabilite_march_2026.xlsx,2026-09-14
osb-8c7d9a33dac840d6a226,osb-bia-insolvency-statistics-2026-03,2026-02,Saskatchewan,province,business,all_businesses,Proposal,not_available,Volume,Number,1,published,https://ised-isde.canada.ca/site/office-superintendent-bankruptcy/sites/default/files/documents/insolvency_statistiques_insolvabilite_march_2026.xlsx,2026-09-14
osb-30ae7f43a6dbe1b3d7bf,osb-bia-insolvency-statistics-2026-03,2026-03,Saskatchewan,province,business,all_businesses,Proposal,not_available,Volume,Number,4,published,https://ised-isde.canada.ca/site/office-superintendent-bankruptcy/sites/default/files/documents/insolvency_statistiques_insolvabilite_march_2026.xlsx,2026-09-14
osb-211646038c0c079d7ab8,osb-bia-insolvency-statistics-2026-03,2026-01,Alberta,province,business,all_businesses,Bankruptcy,not_available,Volume,Number,16,published,https://ised-isde.canada.ca/site/office-superintendent-bankruptcy/sites/default/files/documents/insolvency_statistiques_insolvabilite_march_2026.xlsx,2026-09-14
osb-abbbadee6948179feae1,osb-bia-insolvency-statistics-2026-03,2026-02,Alberta,province,business,all_businesses,Bankruptcy,not_available,Volume,Number,14,published,https://ised-isde.canada.ca/site/office-superintendent-bankruptcy/sites/default/files/documents/insolvency_statistiques_insolvabilite_march_2026.xlsx,2026-09-14
osb-1328fadceb72ae82910f,osb-bia-insolvency-statistics-2026-03,2026-03,Alberta,province,business,all_businesses,Bankruptcy,not_available,Volume,Number,14,published,https://ised-isde.canada.ca/site/office-superintendent-bankruptcy/sites/default/files/documents/insolvency_statistiques_insolvabilite_march_2026.xlsx,2026-09-14
osb-6f53082498627f539bef,osb-bia-insolvency-statistics-2026-03,2026-01,Alberta,province,business,all_businesses,Proposal,not_available,Volume,Number,4,published,https://ised-isde.canada.ca/site/office-superintendent-bankruptcy/sites/default/files/documents/insolvency_statistiques_insolvabilite_march_2026.xlsx,2026-09-14
osb-ae4258eb54dcb5449517,osb-bia-insolvency-statistics-2026-03,2026-02,Alberta,province,business,all_businesses,Proposal,not_available,Volume,Number,7,published,https://ised-isde.canada.ca/site/office-superintendent-bankruptcy/sites/default/files/documents/insolvency_statistiques_insolvabilite_march_2026.xlsx,2026-09-14
osb-611ea017c5525f824fc0,osb-bia-insolvency-statistics-2026-03,2026-03,Alberta,province,business,all_businesses,Proposal,not_available,Volume,Number,11,published,https://ised-isde.canada.ca/site/office-superintendent-bankruptcy/sites/default/files/documents/insolvency_statistiques_insolvabilite_march_2026.xlsx,2026-09-14
osb-ec8054d52837a6b4c196,osb-bia-insolvency-statistics-2026-03,2026-01,British Columbia,province,business,all_businesses,Bankruptcy,not_available,Volume,Number,17,published,https://ised-isde.canada.ca/site/office-superintendent-bankruptcy/sites/default/files/documents/insolvency_statistiques_insolvabilite_march_2026.xlsx,2026-09-14
osb-125c1a5604daf7210cde,osb-bia-insolvency-statistics-2026-03,2026-02,British Columbia,province,business,all_businesses,Bankruptcy,not_available,Volume,Number,15,published,https://ised-isde.canada.ca/site/office-superintendent-bankruptcy/sites/default/files/documents/insolvency_statistiques_insolvabilite_march_2026.xlsx,2026-09-14
osb-ab9c43eb5a41232974c0,osb-bia-insolvency-statistics-2026-03,2026-03,British Columbia,province,business,all_businesses,Bankruptcy,not_available,Volume,Number,20,published,https://ised-isde.canada.ca/site/office-superintendent-bankruptcy/sites/default/files/documents/insolvency_statistiques_insolvabilite_march_2026.xlsx,2026-09-14
osb-ef2bbf77e1296d6cf191,osb-bia-insolvency-statistics-2026-03,2026-01,British Columbia,province,business,all_businesses,Proposal,not_available,Volume,Number,8,published,https://ised-isde.canada.ca/site/office-superintendent-bankruptcy/sites/default/files/documents/insolvency_statistiques_insolvabilite_march_2026.xlsx,2026-09-14
osb-c36736334b07824423b0,osb-bia-insolvency-statistics-2026-03,2026-02,British Columbia,province,business,all_businesses,Proposal,not_available,Volume,Number,6,published,https://ised-isde.canada.ca/site/office-superintendent-bankruptcy/sites/default/files/documents/insolvency_statistiques_insolvabilite_march_2026.xlsx,2026-09-14
osb-0e41a069a5a018032e92,osb-bia-insolvency-statistics-2026-03,2026-03,British Columbia,province,business,all_businesses,Proposal,not_available,Volume,Number,6,published,https://ised-isde.canada.ca/site/office-superintendent-bankruptcy/sites/default/files/documents/insolvency_statistiques_insolvabilite_march_2026.xlsx,2026-09-14
osb-55d659dc28982c086801,osb-bia-insolvency-statistics-2026-03,2026-01,Northwest Territories,province,business,all_businesses,Bankruptcy,not_available,Volume,Number,0,published,https://ised-isde.canada.ca/site/office-superintendent-bankruptcy/sites/default/files/documents/insolvency_statistiques_insolvabilite_march_2026.xlsx,2026-09-14
osb-62519bd0eb91b6ab1656,osb-bia-insolvency-statistics-2026-03,2026-02,Northwest Territories,province,business,all_businesses,Bankruptcy,not_available,Volume,Number,0,published,https://ised-isde.canada.ca/site/office-superintendent-bankruptcy/sites/default/files/documents/insolvency_statistiques_insolvabilite_march_2026.xlsx,2026-09-14
osb-338dfc2f366722f76fe1,osb-bia-insolvency-statistics-2026-03,2026-03,Northwest Territories,province,business,all_businesses,Bankruptcy,not_available,Volume,Number,0,published,https://ised-isde.canada.ca/site/office-superintendent-bankruptcy/sites/default/files/documents/insolvency_statistiques_insolvabilite_march_2026.xlsx,2026-09-14
osb-c04a691f12e7d10361de,osb-bia-insolvency-statistics-2026-03,2026-01,Northwest Territories,province,business,all_businesses,Proposal,not_available,Volume,Number,0,published,https://ised-isde.canada.ca/site/office-superintendent-bankruptcy/sites/default/files/documents/insolvency_statistiques_insolvabilite_march_2026.xlsx,2026-09-14
osb-d9ae15fc42c272294a0f,osb-bia-insolvency-statistics-2026-03,2026-02,Northwest Territories,province,business,all_businesses,Proposal,not_available,Volume,Number,0,published,https://ised-isde.canada.ca/site/office-superintendent-bankruptcy/sites/default/files/documents/insolvency_statistiques_insolvabilite_march_2026.xlsx,2026-09-14
osb-c9340f1c28f8f1b2743f,osb-bia-insolvency-statistics-2026-03,2026-03,Northwest Territories,province,business,all_businesses,Proposal,not_available,Volume,Number,1,published,https://ised-isde.canada.ca/site/office-superintendent-bankruptcy/sites/default/files/documents/insolvency_statistiques_insolvabilite_march_2026.xlsx,2026-09-14
osb-75f3266b57b3f658d079,osb-bia-insolvency-statistics-2026-03,2026-01,Yukon,province,business,all_businesses,Bankruptcy,not_available,Volume,Number,0,published,https://ised-isde.canada.ca/site/office-superintendent-bankruptcy/sites/default/files/documents/insolvency_statistiques_insolvabilite_march_2026.xlsx,2026-09-14
osb-54af6f085de57eae22e2,osb-bia-insolvency-statistics-2026-03,2026-02,Yukon,province,business,all_businesses,Bankruptcy,not_available,Volume,Number,0,published,https://ised-isde.canada.ca/site/office-superintendent-bankruptcy/sites/default/files/documents/insolvency_statistiques_insolvabilite_march_2026.xlsx,2026-09-14
osb-b6c0f3c9230cc7ca3060,osb-bia-insolvency-statistics-2026-03,2026-03,Yukon,province,business,all_businesses,Bankruptcy,not_available,Volume,Number,0,published,https://ised-isde.canada.ca/site/office-superintendent-bankruptcy/sites/default/files/documents/insolvency_statistiques_insolvabilite_march_2026.xlsx,2026-09-14
osb-fcf4b96fb82ddb562d57,osb-bia-insolvency-statistics-2026-03,2026-01,Yukon,province,business,all_businesses,Proposal,not_available,Volume,Number,0,published,https://ised-isde.canada.ca/site/office-superintendent-bankruptcy/sites/default/files/documents/insolvency_statistiques_insolvabilite_march_2026.xlsx,2026-09-14
osb-d072b2d3155417d78763,osb-bia-insolvency-statistics-2026-03,2026-02,Yukon,province,business,all_businesses,Proposal,not_available,Volume,Number,0,published,https://ised-isde.canada.ca/site/office-superintendent-bankruptcy/sites/default/files/documents/insolvency_statistiques_insolvabilite_march_2026.xlsx,2026-09-14
osb-cf438098898b310244ab,osb-bia-insolvency-statistics-2026-03,2026-03,Yukon,province,business,all_businesses,Proposal,not_available,Volume,Number,0,published,https://ised-isde.canada.ca/site/office-superintendent-bankruptcy/sites/default/files/documents/insolvency_statistiques_insolvabilite_march_2026.xlsx,2026-09-14
osb-420c611e9a4165e43fdf,osb-bia-insolvency-statistics-2026-03,2026-01,Nunavut,province,business,all_businesses,Bankruptcy,not_available,Volume,Number,0,published,https://ised-isde.canada.ca/site/office-superintendent-bankruptcy/sites/default/files/documents/insolvency_statistiques_insolvabilite_march_2026.xlsx,2026-09-14
osb-16d58e2b021aae37c6af,osb-bia-insolvency-statistics-2026-03,2026-02,Nunavut,province,business,all_businesses,Bankruptcy,not_available,Volume,Number,0,published,https://ised-isde.canada.ca/site/office-superintendent-bankruptcy/sites/default/files/documents/insolvency_statistiques_insolvabilite_march_2026.xlsx,2026-09-14
osb-71cc575478d8a27b15b6,osb-bia-insolvency-statistics-2026-03,2026-03,Nunavut,province,business,all_businesses,Bankruptcy,not_available,Volume,Number,0,published,https://ised-isde.canada.ca/site/office-superintendent-bankruptcy/sites/default/files/documents/insolvency_statistiques_insolvabilite_march_2026.xlsx,2026-09-14
osb-4d33be58043f6c8cc88b,osb-bia-insolvency-statistics-2026-03,2026-01,Nunavut,province,business,all_businesses,Proposal,not_available,Volume,Number,0,published,https://ised-isde.canada.ca/site/office-superintendent-bankruptcy/sites/default/files/documents/insolvency_statistiques_insolvabilite_march_2026.xlsx,2026-09-14
osb-1c77e8b05a4187612a00,osb-bia-insolvency-statistics-2026-03,2026-02,Nunavut,province,business,all_businesses,Proposal,not_available,Volume,Number,0,published,https://ised-isde.canada.ca/site/office-superintendent-bankruptcy/sites/default/files/documents/insolvency_statistiques_insolvabilite_march_2026.xlsx,2026-09-14
osb-fa21edfe075f58cc0acb,osb-bia-insolvency-statistics-2026-03,2026-03,Nunavut,province,business,all_businesses,Proposal,not_available,Volume,Number,0,published,https://ised-isde.canada.ca/site/office-superintendent-bankruptcy/sites/default/files/documents/insolvency_statistiques_insolvabilite_march_2026.xlsx,2026-09-14
osb-692581a63f2026b04d67,osb-bia-insolvency-statistics-2026-03,2026-01,Canada,province,business,all_businesses,Bankruptcy,not_available,Volume,Number,288,published,https://ised-isde.canada.ca/site/office-superintendent-bankruptcy/sites/default/files/documents/insolvency_statistiques_insolvabilite_march_2026.xlsx,2026-09-14
osb-9c6c6f07f51a06f10634,osb-bia-insolvency-statistics-2026-03,2026-02,Canada,province,business,all_businesses,Bankruptcy,not_available,Volume,Number,320,published,https://ised-isde.canada.ca/site/office-superintendent-bankruptcy/sites/default/files/documents/insolvency_statistiques_insolvabilite_march_2026.xlsx,2026-09-14
osb-aae1aa33ae01c75550d2,osb-bia-insolvency-statistics-2026-03,2026-03,Canada,province,business,all_businesses,Bankruptcy,not_available,Volume,Number,335,published,https://ised-isde.canada.ca/site/office-superintendent-bankruptcy/sites/default/files/documents/insolvency_statistiques_insolvabilite_march_2026.xlsx,2026-09-14
osb-4125465bcd2a39c0d8f2,osb-bia-insolvency-statistics-2026-03,2026-01,Canada,province,business,all_businesses,Proposal,not_available,Volume,Number,79,published,https://ised-isde.canada.ca/site/office-superintendent-bankruptcy/sites/default/files/documents/insolvency_statistiques_insolvabilite_march_2026.xlsx,2026-09-14
osb-c04323f5bd7fd5b8a531,osb-bia-insolvency-statistics-2026-03,2026-02,Canada,province,business,all_businesses,Proposal,not_available,Volume,Number,88,published,https://ised-isde.canada.ca/site/office-superintendent-bankruptcy/sites/default/files/documents/insolvency_statistiques_insolvabilite_march_2026.xlsx,2026-09-14
osb-f536f904660d022ed60d,osb-bia-insolvency-statistics-2026-03,2026-03,Canada,province,business,all_businesses,Proposal,not_available,Volume,Number,122,published,https://ised-isde.canada.ca/site/office-superintendent-bankruptcy/sites/default/files/documents/insolvency_statistiques_insolvabilite_march_2026.xlsx,2026-09-14
osb-fafdb4a48d9d929aba09,osb-bia-insolvency-statistics-2026-03,2026-01,Newfoundland and Labrador,province,business,corporation,Bankruptcy,not_available,Volume,Number,0,published,https://ised-isde.canada.ca/site/office-superintendent-bankruptcy/sites/default/files/documents/insolvency_statistiques_insolvabilite_march_2026.xlsx,2026-09-14
osb-b0fc0c7579eaa19b28d3,osb-bia-insolvency-statistics-2026-03,2026-02,Newfoundland and Labrador,province,business,corporation,Bankruptcy,not_available,Volume,Number,1,published,https://ised-isde.canada.ca/site/office-superintendent-bankruptcy/sites/default/files/documents/insolvency_statistiques_insolvabilite_march_2026.xlsx,2026-09-14
osb-86b70687eff628e51feb,osb-bia-insolvency-statistics-2026-03,2026-03,Newfoundland and Labrador,province,business,corporation,Bankruptcy,not_available,Volume,Number,0,published,https://ised-isde.canada.ca/site/office-superintendent-bankruptcy/sites/default/files/documents/insolvency_statistiques_insolvabilite_march_2026.xlsx,2026-09-14
osb-665340a1f6cd53009930,osb-bia-insolvency-statistics-2026-03,2026-01,Newfoundland and Labrador,province,business,corporation,Proposal,not_available,Volume,Number,0,published,https://ised-isde.canada.ca/site/office-superintendent-bankruptcy/sites/default/files/documents/insolvency_statistiques_insolvabilite_march_2026.xlsx,2026-09-14
osb-a916ada4cc5a5018a313,osb-bia-insolvency-statistics-2026-03,2026-02,Newfoundland and Labrador,province,business,corporation,Proposal,not_available,Volume,Number,1,published,https://ised-isde.canada.ca/site/office-superintendent-bankruptcy/sites/default/files/documents/insolvency_statistiques_insolvabilite_march_2026.xlsx,2026-09-14
osb-5f45968bd409fe9cc2ac,osb-bia-insolvency-statistics-2026-03,2026-03,Newfoundland and Labrador,province,business,corporation,Proposal,not_available,Volume,Number,1,published,https://ised-isde.canada.ca/site/office-superintendent-bankruptcy/sites/default/files/documents/insolvency_statistiques_insolvabilite_march_2026.xlsx,2026-09-14
osb-e5b6bdc364556197b313,osb-bia-insolvency-statistics-2026-03,2026-01,Prince Edward Island,province,business,corporation,Bankruptcy,not_available,Volume,Number,0,published,https://ised-isde.canada.ca/site/office-superintendent-bankruptcy/sites/default/files/documents/insolvency_statistiques_insolvabilite_march_2026.xlsx,2026-09-14
osb-b7447883f00976fdeaba,osb-bia-insolvency-statistics-2026-03,2026-02,Prince Edward Island,province,business,corporation,Bankruptcy,not_available,Volume,Number,0,published,https://ised-isde.canada.ca/site/office-superintendent-bankruptcy/sites/default/files/documents/insolvency_statistiques_insolvabilite_march_2026.xlsx,2026-09-14
osb-24c5d7e73896dd8e6266,osb-bia-insolvency-statistics-2026-03,2026-03,Prince Edward Island,province,business,corporation,Bankruptcy,not_available,Volume,Number,0,published,https://ised-isde.canada.ca/site/office-superintendent-bankruptcy/sites/default/files/documents/insolvency_statistiques_insolvabilite_march_2026.xlsx,2026-09-14
osb-c5408a4ed33306d37b47,osb-bia-insolvency-statistics-2026-03,2026-01,Prince Edward Island,province,business,corporation,Proposal,not_available,Volume,Number,0,published,https://ised-isde.canada.ca/site/office-superintendent-bankruptcy/sites/default/files/documents/insolvency_statistiques_insolvabilite_march_2026.xlsx,2026-09-14
osb-531b38db5dd6daca2479,osb-bia-insolvency-statistics-2026-03,2026-02,Prince Edward Island,province,business,corporation,Proposal,not_available,Volume,Number,0,published,https://ised-isde.canada.ca/site/office-superintendent-bankruptcy/sites/default/files/documents/insolvency_statistiques_insolvabilite_march_2026.xlsx,2026-09-14
osb-a2344fd44a22090f3c97,osb-bia-insolvency-statistics-2026-03,2026-03,Prince Edward Island,province,business,corporation,Proposal,not_available,Volume,Number,0,published,https://ised-isde.canada.ca/site/office-superintendent-bankruptcy/sites/default/files/documents/insolvency_statistiques_insolvabilite_march_2026.xlsx,2026-09-14
osb-8a827ebe0967aeb8bf19,osb-bia-insolvency-statistics-2026-03,2026-01,Nova Scotia,province,business,corporation,Bankruptcy,not_available,Volume,Number,0,published,https://ised-isde.canada.ca/site/office-superintendent-bankruptcy/sites/default/files/documents/insolvency_statistiques_insolvabilite_march_2026.xlsx,2026-09-14
osb-ee54b75492e62c96fbd0,osb-bia-insolvency-statistics-2026-03,2026-02,Nova Scotia,province,business,corporation,Bankruptcy,not_available,Volume,Number,0,published,https://ised-isde.canada.ca/site/office-superintendent-bankruptcy/sites/default/files/documents/insolvency_statistiques_insolvabilite_march_2026.xlsx,2026-09-14
osb-24c023ae7d7b6bbfdaed,osb-bia-insolvency-statistics-2026-03,2026-03,Nova Scotia,province,business,corporation,Bankruptcy,not_available,Volume,Number,1,published,https://ised-isde.canada.ca/site/office-superintendent-bankruptcy/sites/default/files/documents/insolvency_statistiques_insolvabilite_march_2026.xlsx,2026-09-14
osb-d00b7c18a8bc447ab9ea,osb-bia-insolvency-statistics-2026-03,2026-01,Nova Scotia,province,business,corporation,Proposal,not_available,Volume,Number,1,published,https://ised-isde.canada.ca/site/office-superintendent-bankruptcy/sites/default/files/documents/insolvency_statistiques_insolvabilite_march_2026.xlsx,2026-09-14
osb-53c79c6ea0ce9292d24f,osb-bia-insolvency-statistics-2026-03,2026-02,Nova Scotia,province,business,corporation,Proposal,not_available,Volume,Number,1,published,https://ised-isde.canada.ca/site/office-superintendent-bankruptcy/sites/default/files/documents/insolvency_statistiques_insolvabilite_march_2026.xlsx,2026-09-14
osb-a2ebead8108765a7bff3,osb-bia-insolvency-statistics-2026-03,2026-03,Nova Scotia,province,business,corporation,Proposal,not_available,Volume,Number,0,published,https://ised-isde.canada.ca/site/office-superintendent-bankruptcy/sites/default/files/documents/insolvency_statistiques_insolvabilite_march_2026.xlsx,2026-09-14
osb-4af11ecdc66eb29f40c5,osb-bia-insolvency-statistics-2026-03,2026-01,New Brunswick,province,business,corporation,Bankruptcy,not_available,Volume,Number,0,published,https://ised-isde.canada.ca/site/office-superintendent-bankruptcy/sites/default/files/documents/insolvency_statistiques_insolvabilite_march_2026.xlsx,2026-09-14
osb-3560b51f242f8d7898dd,osb-bia-insolvency-statistics-2026-03,2026-02,New Brunswick,province,business,corporation,Bankruptcy,not_available,Volume,Number,2,published,https://ised-isde.canada.ca/site/office-superintendent-bankruptcy/sites/default/files/documents/insolvency_statistiques_insolvabilite_march_2026.xlsx,2026-09-14
osb-69cb4fddd5e9c462978c,osb-bia-insolvency-statistics-2026-03,2026-03,New Brunswick,province,business,corporation,Bankruptcy,not_available,Volume,Number,5,published,https://ised-isde.canada.ca/site/office-superintendent-bankruptcy/sites/default/files/documents/insolvency_statistiques_insolvabilite_march_2026.xlsx,2026-09-14
osb-15dd571a5f0d3e8fb4d6,osb-bia-insolvency-statistics-2026-03,2026-01,New Brunswick,province,business,corporation,Proposal,not_available,Volume,Number,0,published,https://ised-isde.canada.ca/site/office-superintendent-bankruptcy/sites/default/files/documents/insolvency_statistiques_insolvabilite_march_2026.xlsx,2026-09-14
osb-c7f37ba53986d192893d,osb-bia-insolvency-statistics-2026-03,2026-02,New Brunswick,province,business,corporation,Proposal,not_available,Volume,Number,0,published,https://ised-isde.canada.ca/site/office-superintendent-bankruptcy/sites/default/files/documents/insolvency_statistiques_insolvabilite_march_2026.xlsx,2026-09-14
osb-14c05a1e79b4e007e95e,osb-bia-insolvency-statistics-2026-03,2026-03,New Brunswick,province,business,corporation,Proposal,not_available,Volume,Number,0,published,https://ised-isde.canada.ca/site/office-superintendent-bankruptcy/sites/default/files/documents/insolvency_statistiques_insolvabilite_march_2026.xlsx,2026-09-14
osb-5f4a2aa8f38fbb296a96,osb-bia-insolvency-statistics-2026-03,2026-01,Quebec,province,business,corporation,Bankruptcy,not_available,Volume,Number,138,published,https://ised-isde.canada.ca/site/office-superintendent-bankruptcy/sites/default/files/documents/insolvency_statistiques_insolvabilite_march_2026.xlsx,2026-09-14
osb-06d171be3f9d314f17bd,osb-bia-insolvency-statistics-2026-03,2026-02,Quebec,province,business,corporation,Bankruptcy,not_available,Volume,Number,177,published,https://ised-isde.canada.ca/site/office-superintendent-bankruptcy/sites/default/files/documents/insolvency_statistiques_insolvabilite_march_2026.xlsx,2026-09-14
osb-9f115b3abd5b3d761828,osb-bia-insolvency-statistics-2026-03,2026-03,Quebec,province,business,corporation,Bankruptcy,not_available,Volume,Number,171,published,https://ised-isde.canada.ca/site/office-superintendent-bankruptcy/sites/default/files/documents/insolvency_statistiques_insolvabilite_march_2026.xlsx,2026-09-14
osb-9ab93b34c72a571f6912,osb-bia-insolvency-statistics-2026-03,2026-01,Quebec,province,business,corporation,Proposal,not_available,Volume,Number,32,published,https://ised-isde.canada.ca/site/office-superintendent-bankruptcy/sites/default/files/documents/insolvency_statistiques_insolvabilite_march_2026.xlsx,2026-09-14
osb-c36fb72970a0c28e43cb,osb-bia-insolvency-statistics-2026-03,2026-02,Quebec,province,business,corporation,Proposal,not_available,Volume,Number,41,published,https://ised-isde.canada.ca/site/office-superintendent-bankruptcy/sites/default/files/documents/insolvency_statistiques_insolvabilite_march_2026.xlsx,2026-09-14
osb-74cf63bab3a733167fd7,osb-bia-insolvency-statistics-2026-03,2026-03,Quebec,province,business,corporation,Proposal,not_available,Volume,Number,51,published,https://ised-isde.canada.ca/site/office-superintendent-bankruptcy/sites/default/files/documents/insolvency_statistiques_insolvabilite_march_2026.xlsx,2026-09-14
osb-6172cd57cad84901d61e,osb-bia-insolvency-statistics-2026-03,2026-01,Ontario,province,business,corporation,Bankruptcy,not_available,Volume,Number,72,published,https://ised-isde.canada.ca/site/office-superintendent-bankruptcy/sites/default/files/documents/insolvency_statistiques_insolvabilite_march_2026.xlsx,2026-09-14
osb-33d98902de68c5cd8d07,osb-bia-insolvency-statistics-2026-03,2026-02,Ontario,province,business,corporation,Bankruptcy,not_available,Volume,Number,67,published,https://ised-isde.canada.ca/site/office-superintendent-bankruptcy/sites/default/files/documents/insolvency_statistiques_insolvabilite_march_2026.xlsx,2026-09-14
osb-146dc292ac2a6d160391,osb-bia-insolvency-statistics-2026-03,2026-03,Ontario,province,business,corporation,Bankruptcy,not_available,Volume,Number,81,published,https://ised-isde.canada.ca/site/office-superintendent-bankruptcy/sites/default/files/documents/insolvency_statistiques_insolvabilite_march_2026.xlsx,2026-09-14
osb-f5bb22cf7dc8edb9ae72,osb-bia-insolvency-statistics-2026-03,2026-01,Ontario,province,business,corporation,Proposal,not_available,Volume,Number,8,published,https://ised-isde.canada.ca/site/office-superintendent-bankruptcy/sites/default/files/documents/insolvency_statistiques_insolvabilite_march_2026.xlsx,2026-09-14
osb-1b92376383eb589b7f4f,osb-bia-insolvency-statistics-2026-03,2026-02,Ontario,province,business,corporation,Proposal,not_available,Volume,Number,13,published,https://ised-isde.canada.ca/site/office-superintendent-bankruptcy/sites/default/files/documents/insolvency_statistiques_insolvabilite_march_2026.xlsx,2026-09-14
osb-efb0d5fa84de926bd645,osb-bia-insolvency-statistics-2026-03,2026-03,Ontario,province,business,corporation,Proposal,not_available,Volume,Number,21,published,https://ised-isde.canada.ca/site/office-superintendent-bankruptcy/sites/default/files/documents/insolvency_statistiques_insolvabilite_march_2026.xlsx,2026-09-14
osb-22eac7b5dae6d08464a9,osb-bia-insolvency-statistics-2026-03,2026-01,Manitoba,province,business,corporation,Bankruptcy,not_available,Volume,Number,2,published,https://ised-isde.canada.ca/site/office-superintendent-bankruptcy/sites/default/files/documents/insolvency_statistiques_insolvabilite_march_2026.xlsx,2026-09-14
osb-d72101d6d576ac5bf89f,osb-bia-insolvency-statistics-2026-03,2026-02,Manitoba,province,business,corporation,Bankruptcy,not_available,Volume,Number,0,published,https://ised-isde.canada.ca/site/office-superintendent-bankruptcy/sites/default/files/documents/insolvency_statistiques_insolvabilite_march_2026.xlsx,2026-09-14
osb-c0e3aa05ed61b2333936,osb-bia-insolvency-statistics-2026-03,2026-03,Manitoba,province,business,corporation,Bankruptcy,not_available,Volume,Number,0,published,https://ised-isde.canada.ca/site/office-superintendent-bankruptcy/sites/default/files/documents/insolvency_statistiques_insolvabilite_march_2026.xlsx,2026-09-14
osb-1b3962702278d40ea1c2,osb-bia-insolvency-statistics-2026-03,2026-01,Manitoba,province,business,corporation,Proposal,not_available,Volume,Number,0,published,https://ised-isde.canada.ca/site/office-superintendent-bankruptcy/sites/default/files/documents/insolvency_statistiques_insolvabilite_march_2026.xlsx,2026-09-14
osb-20ce9ed2b0a54c01470f,osb-bia-insolvency-statistics-2026-03,2026-02,Manitoba,province,business,corporation,Proposal,not_available,Volume,Number,0,published,https://ised-isde.canada.ca/site/office-superintendent-bankruptcy/sites/default/files/documents/insolvency_statistiques_insolvabilite_march_2026.xlsx,2026-09-14
osb-14a193f130ff11db1705,osb-bia-insolvency-statistics-2026-03,2026-03,Manitoba,province,business,corporation,Proposal,not_available,Volume,Number,0,published,https://ised-isde.canada.ca/site/office-superintendent-bankruptcy/sites/default/files/documents/insolvency_statistiques_insolvabilite_march_2026.xlsx,2026-09-14
osb-ad4b87f4ec256822f523,osb-bia-insolvency-statistics-2026-03,2026-01,Saskatchewan,province,business,corporation,Bankruptcy,not_available,Volume,Number,0,published,https://ised-isde.canada.ca/site/office-superintendent-bankruptcy/sites/default/files/documents/insolvency_statistiques_insolvabilite_march_2026.xlsx,2026-09-14
osb-dbbee407e8187873a8cd,osb-bia-insolvency-statistics-2026-03,2026-02,Saskatchewan,province,business,corporation,Bankruptcy,not_available,Volume,Number,0,published,https://ised-isde.canada.ca/site/office-superintendent-bankruptcy/sites/default/files/documents/insolvency_statistiques_insolvabilite_march_2026.xlsx,2026-09-14
osb-636f1e0eac4e7065fbd1,osb-bia-insolvency-statistics-2026-03,2026-03,Saskatchewan,province,business,corporation,Bankruptcy,not_available,Volume,Number,0,published,https://ised-isde.canada.ca/site/office-superintendent-bankruptcy/sites/default/files/documents/insolvency_statistiques_insolvabilite_march_2026.xlsx,2026-09-14
osb-9a4dbe69f0009997a741,osb-bia-insolvency-statistics-2026-03,2026-01,Saskatchewan,province,business,corporation,Proposal,not_available,Volume,Number,0,published,https://ised-isde.canada.ca/site/office-superintendent-bankruptcy/sites/default/files/documents/insolvency_statistiques_insolvabilite_march_2026.xlsx,2026-09-14
osb-8ff22230bf7e6dc8355e,osb-bia-insolvency-statistics-2026-03,2026-02,Saskatchewan,province,business,corporation,Proposal,not_available,Volume,Number,0,published,https://ised-isde.canada.ca/site/office-superintendent-bankruptcy/sites/default/files/documents/insolvency_statistiques_insolvabilite_march_2026.xlsx,2026-09-14
osb-3168023874bb2c0ebc44,osb-bia-insolvency-statistics-2026-03,2026-03,Saskatchewan,province,business,corporation,Proposal,not_available,Volume,Number,2,published,https://ised-isde.canada.ca/site/office-superintendent-bankruptcy/sites/default/files/documents/insolvency_statistiques_insolvabilite_march_2026.xlsx,2026-09-14
osb-da9bf8248b31c1918880,osb-bia-insolvency-statistics-2026-03,2026-01,Alberta,province,business,corporation,Bankruptcy,not_available,Volume,Number,10,published,https://ised-isde.canada.ca/site/office-superintendent-bankruptcy/sites/default/files/documents/insolvency_statistiques_insolvabilite_march_2026.xlsx,2026-09-14
osb-11f28f65d46debc69099,osb-bia-insolvency-statistics-2026-03,2026-02,Alberta,province,business,corporation,Bankruptcy,not_available,Volume,Number,4,published,https://ised-isde.canada.ca/site/office-superintendent-bankruptcy/sites/default/files/documents/insolvency_statistiques_insolvabilite_march_2026.xlsx,2026-09-14
osb-71fbb9c6fbe4b726e7ea,osb-bia-insolvency-statistics-2026-03,2026-03,Alberta,province,business,corporation,Bankruptcy,not_available,Volume,Number,4,published,https://ised-isde.canada.ca/site/office-superintendent-bankruptcy/sites/default/files/documents/insolvency_statistiques_insolvabilite_march_2026.xlsx,2026-09-14
osb-c1239db4766d275c35a5,osb-bia-insolvency-statistics-2026-03,2026-01,Alberta,province,business,corporation,Proposal,not_available,Volume,Number,0,published,https://ised-isde.canada.ca/site/office-superintendent-bankruptcy/sites/default/files/documents/insolvency_statistiques_insolvabilite_march_2026.xlsx,2026-09-14
osb-cc543c1ac40d4a9e76e2,osb-bia-insolvency-statistics-2026-03,2026-02,Alberta,province,business,corporation,Proposal,not_available,Volume,Number,4,published,https://ised-isde.canada.ca/site/office-superintendent-bankruptcy/sites/default/files/documents/insolvency_statistiques_insolvabilite_march_2026.xlsx,2026-09-14
osb-ce1a78d7c6929602f3ad,osb-bia-insolvency-statistics-2026-03,2026-03,Alberta,province,business,corporation,Proposal,not_available,Volume,Number,3,published,https://ised-isde.canada.ca/site/office-superintendent-bankruptcy/sites/default/files/documents/insolvency_statistiques_insolvabilite_march_2026.xlsx,2026-09-14
osb-ff48a8957453a6a39cb9,osb-bia-insolvency-statistics-2026-03,2026-01,British Columbia,province,business,corporation,Bankruptcy,not_available,Volume,Number,13,published,https://ised-isde.canada.ca/site/office-superintendent-bankruptcy/sites/default/files/documents/insolvency_statistiques_insolvabilite_march_2026.xlsx,2026-09-14
osb-dcafd6d6c7df326d74c7,osb-bia-insolvency-statistics-2026-03,2026-02,British Columbia,province,business,corporation,Bankruptcy,not_available,Volume,Number,9,published,https://ised-isde.canada.ca/site/office-superintendent-bankruptcy/sites/default/files/documents/insolvency_statistiques_insolvabilite_march_2026.xlsx,2026-09-14
osb-f304e1ac1ffc4e620c30,osb-bia-insolvency-statistics-2026-03,2026-03,British Columbia,province,business,corporation,Bankruptcy,not_available,Volume,Number,12,published,https://ised-isde.canada.ca/site/office-superintendent-bankruptcy/sites/default/files/documents/insolvency_statistiques_insolvabilite_march_2026.xlsx,2026-09-14
osb-ab341cbcf32c108554a4,osb-bia-insolvency-statistics-2026-03,2026-01,British Columbia,province,business,corporation,Proposal,not_available,Volume,Number,2,published,https://ised-isde.canada.ca/site/office-superintendent-bankruptcy/sites/default/files/documents/insolvency_statistiques_insolvabilite_march_2026.xlsx,2026-09-14
osb-344f335a2bc17082e0fb,osb-bia-insolvency-statistics-2026-03,2026-02,British Columbia,province,business,corporation,Proposal,not_available,Volume,Number,0,published,https://ised-isde.canada.ca/site/office-superintendent-bankruptcy/sites/default/files/documents/insolvency_statistiques_insolvabilite_march_2026.xlsx,2026-09-14
osb-da2ae669b86a7540c0d1,osb-bia-insolvency-statistics-2026-03,2026-03,British Columbia,province,business,corporation,Proposal,not_available,Volume,Number,1,published,https://ised-isde.canada.ca/site/office-superintendent-bankruptcy/sites/default/files/documents/insolvency_statistiques_insolvabilite_march_2026.xlsx,2026-09-14
osb-7d13fcd17dd43a0e071a,osb-bia-insolvency-statistics-2026-03,2026-01,Northwest Territories,province,business,corporation,Bankruptcy,not_available,Volume,Number,0,published,https://ised-isde.canada.ca/site/office-superintendent-bankruptcy/sites/default/files/documents/insolvency_statistiques_insolvabilite_march_2026.xlsx,2026-09-14
osb-89c1115d36e3985a422a,osb-bia-insolvency-statistics-2026-03,2026-02,Northwest Territories,province,business,corporation,Bankruptcy,not_available,Volume,Number,0,published,https://ised-isde.canada.ca/site/office-superintendent-bankruptcy/sites/default/files/documents/insolvency_statistiques_insolvabilite_march_2026.xlsx,2026-09-14
osb-4d1d9d4bbae5c89e730e,osb-bia-insolvency-statistics-2026-03,2026-03,Northwest Territories,province,business,corporation,Bankruptcy,not_available,Volume,Number,0,published,https://ised-isde.canada.ca/site/office-superintendent-bankruptcy/sites/default/files/documents/insolvency_statistiques_insolvabilite_march_2026.xlsx,2026-09-14
osb-03d493a5d7a7dbf34bc3,osb-bia-insolvency-statistics-2026-03,2026-01,Northwest Territories,province,business,corporation,Proposal,not_available,Volume,Number,0,published,https://ised-isde.canada.ca/site/office-superintendent-bankruptcy/sites/default/files/documents/insolvency_statistiques_insolvabilite_march_2026.xlsx,2026-09-14
osb-2d071e2f69953bc69c83,osb-bia-insolvency-statistics-2026-03,2026-02,Northwest Territories,province,business,corporation,Proposal,not_available,Volume,Number,0,published,https://ised-isde.canada.ca/site/office-superintendent-bankruptcy/sites/default/files/documents/insolvency_statistiques_insolvabilite_march_2026.xlsx,2026-09-14
osb-9bf0e270986d7caa4ef7,osb-bia-insolvency-statistics-2026-03,2026-03,Northwest Territories,province,business,corporation,Proposal,not_available,Volume,Number,1,published,https://ised-isde.canada.ca/site/office-superintendent-bankruptcy/sites/default/files/documents/insolvency_statistiques_insolvabilite_march_2026.xlsx,2026-09-14
osb-e5fa4401a7ecd1a2f650,osb-bia-insolvency-statistics-2026-03,2026-01,Yukon,province,business,corporation,Bankruptcy,not_available,Volume,Number,0,published,https://ised-isde.canada.ca/site/office-superintendent-bankruptcy/sites/default/files/documents/insolvency_statistiques_insolvabilite_march_2026.xlsx,2026-09-14
osb-5de15715b78a2335d87b,osb-bia-insolvency-statistics-2026-03,2026-02,Yukon,province,business,corporation,Bankruptcy,not_available,Volume,Number,0,published,https://ised-isde.canada.ca/site/office-superintendent-bankruptcy/sites/default/files/documents/insolvency_statistiques_insolvabilite_march_2026.xlsx,2026-09-14
osb-e20b3165d6d3d2e8cf8f,osb-bia-insolvency-statistics-2026-03,2026-03,Yukon,province,business,corporation,Bankruptcy,not_available,Volume,Number,0,published,https://ised-isde.canada.ca/site/office-superintendent-bankruptcy/sites/default/files/documents/insolvency_statistiques_insolvabilite_march_2026.xlsx,2026-09-14
osb-9e4a34bf8bac280673b9,osb-bia-insolvency-statistics-2026-03,2026-01,Yukon,province,business,corporation,Proposal,not_available,Volume,Number,0,published,https://ised-isde.canada.ca/site/office-superintendent-bankruptcy/sites/default/files/documents/insolvency_statistiques_insolvabilite_march_2026.xlsx,2026-09-14
osb-1c1514ea99867f60538b,osb-bia-insolvency-statistics-2026-03,2026-02,Yukon,province,business,corporation,Proposal,not_available,Volume,Number,0,published,https://ised-isde.canada.ca/site/office-superintendent-bankruptcy/sites/default/files/documents/insolvency_statistiques_insolvabilite_march_2026.xlsx,2026-09-14
osb-8bcb5d501c0ff45a71be,osb-bia-insolvency-statistics-2026-03,2026-03,Yukon,province,business,corporation,Proposal,not_available,Volume,Number,0,published,https://ised-isde.canada.ca/site/office-superintendent-bankruptcy/sites/default/files/documents/insolvency_statistiques_insolvabilite_march_2026.xlsx,2026-09-14
osb-22781269e441eaf7de76,osb-bia-insolvency-statistics-2026-03,2026-01,Nunavut,province,business,corporation,Bankruptcy,not_available,Volume,Number,0,published,https://ised-isde.canada.ca/site/office-superintendent-bankruptcy/sites/default/files/documents/insolvency_statistiques_insolvabilite_march_2026.xlsx,2026-09-14
osb-db9711952a69f193d0e2,osb-bia-insolvency-statistics-2026-03,2026-02,Nunavut,province,business,corporation,Bankruptcy,not_available,Volume,Number,0,published,https://ised-isde.canada.ca/site/office-superintendent-bankruptcy/sites/default/files/documents/insolvency_statistiques_insolvabilite_march_2026.xlsx,2026-09-14
osb-e2b4cb28af0a2d5b9709,osb-bia-insolvency-statistics-2026-03,2026-03,Nunavut,province,business,corporation,Bankruptcy,not_available,Volume,Number,0,published,https://ised-isde.canada.ca/site/office-superintendent-bankruptcy/sites/default/files/documents/insolvency_statistiques_insolvabilite_march_2026.xlsx,2026-09-14
osb-275aa64a205297854a51,osb-bia-insolvency-statistics-2026-03,2026-01,Nunavut,province,business,corporation,Proposal,not_available,Volume,Number,0,published,https://ised-isde.canada.ca/site/office-superintendent-bankruptcy/sites/default/files/documents/insolvency_statistiques_insolvabilite_march_2026.xlsx,2026-09-14
osb-f9e33f76e52683ac14c8,osb-bia-insolvency-statistics-2026-03,2026-02,Nunavut,province,business,corporation,Proposal,not_available,Volume,Number,0,published,https://ised-isde.canada.ca/site/office-superintendent-bankruptcy/sites/default/files/documents/insolvency_statistiques_insolvabilite_march_2026.xlsx,2026-09-14
osb-093d3bcb22ab8e622e4e,osb-bia-insolvency-statistics-2026-03,2026-03,Nunavut,province,business,corporation,Proposal,not_available,Volume,Number,0,published,https://ised-isde.canada.ca/site/office-superintendent-bankruptcy/sites/default/files/documents/insolvency_statistiques_insolvabilite_march_2026.xlsx,2026-09-14
osb-b012d1b9133e0a86c76f,osb-bia-insolvency-statistics-2026-03,2026-01,Canada,province,business,corporation,Bankruptcy,not_available,Volume,Number,235,published,https://ised-isde.canada.ca/site/office-superintendent-bankruptcy/sites/default/files/documents/insolvency_statistiques_insolvabilite_march_2026.xlsx,2026-09-14
osb-1dcf4d0a5d98c796de65,osb-bia-insolvency-statistics-2026-03,2026-02,Canada,province,business,corporation,Bankruptcy,not_available,Volume,Number,260,published,https://ised-isde.canada.ca/site/office-superintendent-bankruptcy/sites/default/files/documents/insolvency_statistiques_insolvabilite_march_2026.xlsx,2026-09-14
osb-7a2f538bb0e1b864bd64,osb-bia-insolvency-statistics-2026-03,2026-03,Canada,province,business,corporation,Bankruptcy,not_available,Volume,Number,274,published,https://ised-isde.canada.ca/site/office-superintendent-bankruptcy/sites/default/files/documents/insolvency_statistiques_insolvabilite_march_2026.xlsx,2026-09-14
osb-21b5801ad4ec110c6a58,osb-bia-insolvency-statistics-2026-03,2026-01,Canada,province,business,corporation,Proposal,not_available,Volume,Number,43,published,https://ised-isde.canada.ca/site/office-superintendent-bankruptcy/sites/default/files/documents/insolvency_statistiques_insolvabilite_march_2026.xlsx,2026-09-14
osb-8bc5b19d6cc097c5069b,osb-bia-insolvency-statistics-2026-03,2026-02,Canada,province,business,corporation,Proposal,not_available,Volume,Number,60,published,https://ised-isde.canada.ca/site/office-superintendent-bankruptcy/sites/default/files/documents/insolvency_statistiques_insolvabilite_march_2026.xlsx,2026-09-14
osb-d1ca94d6f3c446e58bb8,osb-bia-insolvency-statistics-2026-03,2026-03,Canada,province,business,corporation,Proposal,not_available,Volume,Number,80,published,https://ised-isde.canada.ca/site/office-superintendent-bankruptcy/sites/default/files/documents/insolvency_statistiques_insolvabilite_march_2026.xlsx,2026-09-14
osb-89a4bd4e3821d746e18d,osb-bia-insolvency-statistics-2026-03,2026-01,Newfoundland and Labrador,province,business,individual_business,Bankruptcy,not_available,Volume,Number,0,published,https://ised-isde.canada.ca/site/office-superintendent-bankruptcy/sites/default/files/documents/insolvency_statistiques_insolvabilite_march_2026.xlsx,2026-09-14
osb-63fece7205549ce167e0,osb-bia-insolvency-statistics-2026-03,2026-02,Newfoundland and Labrador,province,business,individual_business,Bankruptcy,not_available,Volume,Number,0,published,https://ised-isde.canada.ca/site/office-superintendent-bankruptcy/sites/default/files/documents/insolvency_statistiques_insolvabilite_march_2026.xlsx,2026-09-14
osb-18773882681ed5d199af,osb-bia-insolvency-statistics-2026-03,2026-03,Newfoundland and Labrador,province,business,individual_business,Bankruptcy,not_available,Volume,Number,3,published,https://ised-isde.canada.ca/site/office-superintendent-bankruptcy/sites/default/files/documents/insolvency_statistiques_insolvabilite_march_2026.xlsx,2026-09-14
osb-3cea5f1393f858b6e14b,osb-bia-insolvency-statistics-2026-03,2026-01,Newfoundland and Labrador,province,business,individual_business,Proposal,not_available,Volume,Number,0,published,https://ised-isde.canada.ca/site/office-superintendent-bankruptcy/sites/default/files/documents/insolvency_statistiques_insolvabilite_march_2026.xlsx,2026-09-14
osb-7dae80adf89291b164b7,osb-bia-insolvency-statistics-2026-03,2026-02,Newfoundland and Labrador,province,business,individual_business,Proposal,not_available,Volume,Number,0,published,https://ised-isde.canada.ca/site/office-superintendent-bankruptcy/sites/default/files/documents/insolvency_statistiques_insolvabilite_march_2026.xlsx,2026-09-14
osb-d7b35f4669eafc569659,osb-bia-insolvency-statistics-2026-03,2026-03,Newfoundland and Labrador,province,business,individual_business,Proposal,not_available,Volume,Number,1,published,https://ised-isde.canada.ca/site/office-superintendent-bankruptcy/sites/default/files/documents/insolvency_statistiques_insolvabilite_march_2026.xlsx,2026-09-14
osb-85bb4d2e2823442ce5c0,osb-bia-insolvency-statistics-2026-03,2026-01,Prince Edward Island,province,business,individual_business,Bankruptcy,not_available,Volume,Number,0,published,https://ised-isde.canada.ca/site/office-superintendent-bankruptcy/sites/default/files/documents/insolvency_statistiques_insolvabilite_march_2026.xlsx,2026-09-14
osb-cd1330a15b72e9851742,osb-bia-insolvency-statistics-2026-03,2026-02,Prince Edward Island,province,business,individual_business,Bankruptcy,not_available,Volume,Number,0,published,https://ised-isde.canada.ca/site/office-superintendent-bankruptcy/sites/default/files/documents/insolvency_statistiques_insolvabilite_march_2026.xlsx,2026-09-14
osb-66a54cb9a758f75f6e88,osb-bia-insolvency-statistics-2026-03,2026-03,Prince Edward Island,province,business,individual_business,Bankruptcy,not_available,Volume,Number,0,published,https://ised-isde.canada.ca/site/office-superintendent-bankruptcy/sites/default/files/documents/insolvency_statistiques_insolvabilite_march_2026.xlsx,2026-09-14
osb-dfb96435d8c41531c231,osb-bia-insolvency-statistics-2026-03,2026-01,Prince Edward Island,province,business,individual_business,Proposal,not_available,Volume,Number,0,published,https://ised-isde.canada.ca/site/office-superintendent-bankruptcy/sites/default/files/documents/insolvency_statistiques_insolvabilite_march_2026.xlsx,2026-09-14
osb-9a3ccb9118bc3e551fdb,osb-bia-insolvency-statistics-2026-03,2026-02,Prince Edward Island,province,business,individual_business,Proposal,not_available,Volume,Number,1,published,https://ised-isde.canada.ca/site/office-superintendent-bankruptcy/sites/default/files/documents/insolvency_statistiques_insolvabilite_march_2026.xlsx,2026-09-14
osb-9e1742db06dd6afa9e49,osb-bia-insolvency-statistics-2026-03,2026-03,Prince Edward Island,province,business,individual_business,Proposal,not_available,Volume,Number,0,published,https://ised-isde.canada.ca/site/office-superintendent-bankruptcy/sites/default/files/documents/insolvency_statistiques_insolvabilite_march_2026.xlsx,2026-09-14
osb-c7ffd92c00431d5af5ca,osb-bia-insolvency-statistics-2026-03,2026-01,Nova Scotia,province,business,individual_business,Bankruptcy,not_available,Volume,Number,0,published,https://ised-isde.canada.ca/site/office-superintendent-bankruptcy/sites/default/files/documents/insolvency_statistiques_insolvabilite_march_2026.xlsx,2026-09-14
osb-be702d9cde43aea5527d,osb-bia-insolvency-statistics-2026-03,2026-02,Nova Scotia,province,business,individual_business,Bankruptcy,not_available,Volume,Number,2,published,https://ised-isde.canada.ca/site/office-superintendent-bankruptcy/sites/default/files/documents/insolvency_statistiques_insolvabilite_march_2026.xlsx,2026-09-14
osb-223e1a685a05382b891d,osb-bia-insolvency-statistics-2026-03,2026-03,Nova Scotia,province,business,individual_business,Bankruptcy,not_available,Volume,Number,1,published,https://ised-isde.canada.ca/site/office-superintendent-bankruptcy/sites/default/files/documents/insolvency_statistiques_insolvabilite_march_2026.xlsx,2026-09-14
osb-c49923171f7a0dd4a847,osb-bia-insolvency-statistics-2026-03,2026-01,Nova Scotia,province,business,individual_business,Proposal,not_available,Volume,Number,2,published,https://ised-isde.canada.ca/site/office-superintendent-bankruptcy/sites/default/files/documents/insolvency_statistiques_insolvabilite_march_2026.xlsx,2026-09-14
osb-b8b0bfab9caba22921e9,osb-bia-insolvency-statistics-2026-03,2026-02,Nova Scotia,province,business,individual_business,Proposal,not_available,Volume,Number,0,published,https://ised-isde.canada.ca/site/office-superintendent-bankruptcy/sites/default/files/documents/insolvency_statistiques_insolvabilite_march_2026.xlsx,2026-09-14
osb-86d4115c5e2efd7c320c,osb-bia-insolvency-statistics-2026-03,2026-03,Nova Scotia,province,business,individual_business,Proposal,not_available,Volume,Number,0,published,https://ised-isde.canada.ca/site/office-superintendent-bankruptcy/sites/default/files/documents/insolvency_statistiques_insolvabilite_march_2026.xlsx,2026-09-14
osb-43579c012fa7d8297ab5,osb-bia-insolvency-statistics-2026-03,2026-01,New Brunswick,province,business,individual_business,Bankruptcy,not_available,Volume,Number,0,published,https://ised-isde.canada.ca/site/office-superintendent-bankruptcy/sites/default/files/documents/insolvency_statistiques_insolvabilite_march_2026.xlsx,2026-09-14
osb-9fbf394e04715e9f0412,osb-bia-insolvency-statistics-2026-03,2026-02,New Brunswick,province,business,individual_business,Bankruptcy,not_available,Volume,Number,1,published,https://ised-isde.canada.ca/site/office-superintendent-bankruptcy/sites/default/files/documents/insolvency_statistiques_insolvabilite_march_2026.xlsx,2026-09-14
osb-7605c0fab96531988323,osb-bia-insolvency-statistics-2026-03,2026-03,New Brunswick,province,business,individual_business,Bankruptcy,not_available,Volume,Number,1,published,https://ised-isde.canada.ca/site/office-superintendent-bankruptcy/sites/default/files/documents/insolvency_statistiques_insolvabilite_march_2026.xlsx,2026-09-14
osb-31f44fce0978596e7305,osb-bia-insolvency-statistics-2026-03,2026-01,New Brunswick,province,business,individual_business,Proposal,not_available,Volume,Number,2,published,https://ised-isde.canada.ca/site/office-superintendent-bankruptcy/sites/default/files/documents/insolvency_statistiques_insolvabilite_march_2026.xlsx,2026-09-14
osb-3433d76182eeabd34116,osb-bia-insolvency-statistics-2026-03,2026-02,New Brunswick,province,business,individual_business,Proposal,not_available,Volume,Number,1,published,https://ised-isde.canada.ca/site/office-superintendent-bankruptcy/sites/default/files/documents/insolvency_statistiques_insolvabilite_march_2026.xlsx,2026-09-14
osb-4502aadf6a0da2ca21a6,osb-bia-insolvency-statistics-2026-03,2026-03,New Brunswick,province,business,individual_business,Proposal,not_available,Volume,Number,1,published,https://ised-isde.canada.ca/site/office-superintendent-bankruptcy/sites/default/files/documents/insolvency_statistiques_insolvabilite_march_2026.xlsx,2026-09-14
osb-006746d7ce6ddaa021dd,osb-bia-insolvency-statistics-2026-03,2026-01,Quebec,province,business,individual_business,Bankruptcy,not_available,Volume,Number,18,published,https://ised-isde.canada.ca/site/office-superintendent-bankruptcy/sites/default/files/documents/insolvency_statistiques_insolvabilite_march_2026.xlsx,2026-09-14
osb-6a0400c4fe6d2aaf4c40,osb-bia-insolvency-statistics-2026-03,2026-02,Quebec,province,business,individual_business,Bankruptcy,not_available,Volume,Number,20,published,https://ised-isde.canada.ca/site/office-superintendent-bankruptcy/sites/default/files/documents/insolvency_statistiques_insolvabilite_march_2026.xlsx,2026-09-14
osb-2e2edd5db10efbdb3b9e,osb-bia-insolvency-statistics-2026-03,2026-03,Quebec,province,business,individual_business,Bankruptcy,not_available,Volume,Number,6,published,https://ised-isde.canada.ca/site/office-superintendent-bankruptcy/sites/default/files/documents/insolvency_statistiques_insolvabilite_march_2026.xlsx,2026-09-14
osb-0816ff6fb48e160dcb2c,osb-bia-insolvency-statistics-2026-03,2026-01,Quebec,province,business,individual_business,Proposal,not_available,Volume,Number,9,published,https://ised-isde.canada.ca/site/office-superintendent-bankruptcy/sites/default/files/documents/insolvency_statistiques_insolvabilite_march_2026.xlsx,2026-09-14
osb-dbc59076f45ceedbdcf3,osb-bia-insolvency-statistics-2026-03,2026-02,Quebec,province,business,individual_business,Proposal,not_available,Volume,Number,6,published,https://ised-isde.canada.ca/site/office-superintendent-bankruptcy/sites/default/files/documents/insolvency_statistiques_insolvabilite_march_2026.xlsx,2026-09-14
osb-854339e4ebd7c3d3e1a6,osb-bia-insolvency-statistics-2026-03,2026-03,Quebec,province,business,individual_business,Proposal,not_available,Volume,Number,13,published,https://ised-isde.canada.ca/site/office-superintendent-bankruptcy/sites/default/files/documents/insolvency_statistiques_insolvabilite_march_2026.xlsx,2026-09-14
osb-0507987d56dee1883971,osb-bia-insolvency-statistics-2026-03,2026-01,Ontario,province,business,individual_business,Bankruptcy,not_available,Volume,Number,25,published,https://ised-isde.canada.ca/site/office-superintendent-bankruptcy/sites/default/files/documents/insolvency_statistiques_insolvabilite_march_2026.xlsx,2026-09-14
osb-6d6e30ab3d4993b680ca,osb-bia-insolvency-statistics-2026-03,2026-02,Ontario,province,business,individual_business,Bankruptcy,not_available,Volume,Number,16,published,https://ised-isde.canada.ca/site/office-superintendent-bankruptcy/sites/default/files/documents/insolvency_statistiques_insolvabilite_march_2026.xlsx,2026-09-14
osb-0b2284b5e4127d159b17,osb-bia-insolvency-statistics-2026-03,2026-03,Ontario,province,business,individual_business,Bankruptcy,not_available,Volume,Number,31,published,https://ised-isde.canada.ca/site/office-superintendent-bankruptcy/sites/default/files/documents/insolvency_statistiques_insolvabilite_march_2026.xlsx,2026-09-14
osb-dd435e6ca49aa79e7076,osb-bia-insolvency-statistics-2026-03,2026-01,Ontario,province,business,individual_business,Proposal,not_available,Volume,Number,12,published,https://ised-isde.canada.ca/site/office-superintendent-bankruptcy/sites/default/files/documents/insolvency_statistiques_insolvabilite_march_2026.xlsx,2026-09-14
osb-ca464e772f7860d64664,osb-bia-insolvency-statistics-2026-03,2026-02,Ontario,province,business,individual_business,Proposal,not_available,Volume,Number,10,published,https://ised-isde.canada.ca/site/office-superintendent-bankruptcy/sites/default/files/documents/insolvency_statistiques_insolvabilite_march_2026.xlsx,2026-09-14
osb-d5e82606fdde5ec418bf,osb-bia-insolvency-statistics-2026-03,2026-03,Ontario,province,business,individual_business,Proposal,not_available,Volume,Number,12,published,https://ised-isde.canada.ca/site/office-superintendent-bankruptcy/sites/default/files/documents/insolvency_statistiques_insolvabilite_march_2026.xlsx,2026-09-14
osb-43a2d6c54c324ffbe3e2,osb-bia-insolvency-statistics-2026-03,2026-01,Manitoba,province,business,individual_business,Bankruptcy,not_available,Volume,Number,0,published,https://ised-isde.canada.ca/site/office-superintendent-bankruptcy/sites/default/files/documents/insolvency_statistiques_insolvabilite_march_2026.xlsx,2026-09-14
osb-f7319520ed0dbb00125f,osb-bia-insolvency-statistics-2026-03,2026-02,Manitoba,province,business,individual_business,Bankruptcy,not_available,Volume,Number,3,published,https://ised-isde.canada.ca/site/office-superintendent-bankruptcy/sites/default/files/documents/insolvency_statistiques_insolvabilite_march_2026.xlsx,2026-09-14
osb-39b7fa1275e5c7bbaf98,osb-bia-insolvency-statistics-2026-03,2026-03,Manitoba,province,business,individual_business,Bankruptcy,not_available,Volume,Number,0,published,https://ised-isde.canada.ca/site/office-superintendent-bankruptcy/sites/default/files/documents/insolvency_statistiques_insolvabilite_march_2026.xlsx,2026-09-14
osb-b90098479333fe5b129b,osb-bia-insolvency-statistics-2026-03,2026-01,Manitoba,province,business,individual_business,Proposal,not_available,Volume,Number,0,published,https://ised-isde.canada.ca/site/office-superintendent-bankruptcy/sites/default/files/documents/insolvency_statistiques_insolvabilite_march_2026.xlsx,2026-09-14
osb-bc852a2d8dc68fb330ec,osb-bia-insolvency-statistics-2026-03,2026-02,Manitoba,province,business,individual_business,Proposal,not_available,Volume,Number,0,published,https://ised-isde.canada.ca/site/office-superintendent-bankruptcy/sites/default/files/documents/insolvency_statistiques_insolvabilite_march_2026.xlsx,2026-09-14
osb-48528c0caa9093546e35,osb-bia-insolvency-statistics-2026-03,2026-03,Manitoba,province,business,individual_business,Proposal,not_available,Volume,Number,0,published,https://ised-isde.canada.ca/site/office-superintendent-bankruptcy/sites/default/files/documents/insolvency_statistiques_insolvabilite_march_2026.xlsx,2026-09-14
osb-960c6b9b5f990f0429fd,osb-bia-insolvency-statistics-2026-03,2026-01,Saskatchewan,province,business,individual_business,Bankruptcy,not_available,Volume,Number,0,published,https://ised-isde.canada.ca/site/office-superintendent-bankruptcy/sites/default/files/documents/insolvency_statistiques_insolvabilite_march_2026.xlsx,2026-09-14
osb-c8a7168dba3dcbd12ca6,osb-bia-insolvency-statistics-2026-03,2026-02,Saskatchewan,province,business,individual_business,Bankruptcy,not_available,Volume,Number,2,published,https://ised-isde.canada.ca/site/office-superintendent-bankruptcy/sites/default/files/documents/insolvency_statistiques_insolvabilite_march_2026.xlsx,2026-09-14
osb-3645c9bb4fd535b7917e,osb-bia-insolvency-statistics-2026-03,2026-03,Saskatchewan,province,business,individual_business,Bankruptcy,not_available,Volume,Number,1,published,https://ised-isde.canada.ca/site/office-superintendent-bankruptcy/sites/default/files/documents/insolvency_statistiques_insolvabilite_march_2026.xlsx,2026-09-14
osb-3649a09e929c1842be39,osb-bia-insolvency-statistics-2026-03,2026-01,Saskatchewan,province,business,individual_business,Proposal,not_available,Volume,Number,1,published,https://ised-isde.canada.ca/site/office-superintendent-bankruptcy/sites/default/files/documents/insolvency_statistiques_insolvabilite_march_2026.xlsx,2026-09-14
osb-c056ec8eee3e0e5d9d4b,osb-bia-insolvency-statistics-2026-03,2026-02,Saskatchewan,province,business,individual_business,Proposal,not_available,Volume,Number,1,published,https://ised-isde.canada.ca/site/office-superintendent-bankruptcy/sites/default/files/documents/insolvency_statistiques_insolvabilite_march_2026.xlsx,2026-09-14
osb-41cb42a6a9438aa399b2,osb-bia-insolvency-statistics-2026-03,2026-03,Saskatchewan,province,business,individual_business,Proposal,not_available,Volume,Number,2,published,https://ised-isde.canada.ca/site/office-superintendent-bankruptcy/sites/default/files/documents/insolvency_statistiques_insolvabilite_march_2026.xlsx,2026-09-14
osb-66bee016f9f646ffa9ee,osb-bia-insolvency-statistics-2026-03,2026-01,Alberta,province,business,individual_business,Bankruptcy,not_available,Volume,Number,6,published,https://ised-isde.canada.ca/site/office-superintendent-bankruptcy/sites/default/files/documents/insolvency_statistiques_insolvabilite_march_2026.xlsx,2026-09-14
osb-b83b7397bcca43b59dbb,osb-bia-insolvency-statistics-2026-03,2026-02,Alberta,province,business,individual_business,Bankruptcy,not_available,Volume,Number,10,published,https://ised-isde.canada.ca/site/office-superintendent-bankruptcy/sites/default/files/documents/insolvency_statistiques_insolvabilite_march_2026.xlsx,2026-09-14
osb-7bc98f2962b217f4609e,osb-bia-insolvency-statistics-2026-03,2026-03,Alberta,province,business,individual_business,Bankruptcy,not_available,Volume,Number,10,published,https://ised-isde.canada.ca/site/office-superintendent-bankruptcy/sites/default/files/documents/insolvency_statistiques_insolvabilite_march_2026.xlsx,2026-09-14
osb-5f655394f9c34f8da41a,osb-bia-insolvency-statistics-2026-03,2026-01,Alberta,province,business,individual_business,Proposal,not_available,Volume,Number,4,published,https://ised-isde.canada.ca/site/office-superintendent-bankruptcy/sites/default/files/documents/insolvency_statistiques_insolvabilite_march_2026.xlsx,2026-09-14
osb-1cbad4464c1cc7598bf7,osb-bia-insolvency-statistics-2026-03,2026-02,Alberta,province,business,individual_business,Proposal,not_available,Volume,Number,3,published,https://ised-isde.canada.ca/site/office-superintendent-bankruptcy/sites/default/files/documents/insolvency_statistiques_insolvabilite_march_2026.xlsx,2026-09-14
osb-17d910e912f46be753f8,osb-bia-insolvency-statistics-2026-03,2026-03,Alberta,province,business,individual_business,Proposal,not_available,Volume,Number,8,published,https://ised-isde.canada.ca/site/office-superintendent-bankruptcy/sites/default/files/documents/insolvency_statistiques_insolvabilite_march_2026.xlsx,2026-09-14
osb-3dd2265e59bfedcde197,osb-bia-insolvency-statistics-2026-03,2026-01,British Columbia,province,business,individual_business,Bankruptcy,not_available,Volume,Number,4,published,https://ised-isde.canada.ca/site/office-superintendent-bankruptcy/sites/default/files/documents/insolvency_statistiques_insolvabilite_march_2026.xlsx,2026-09-14
osb-cc96ffe99bc894d34e05,osb-bia-insolvency-statistics-2026-03,2026-02,British Columbia,province,business,individual_business,Bankruptcy,not_available,Volume,Number,6,published,https://ised-isde.canada.ca/site/office-superintendent-bankruptcy/sites/default/files/documents/insolvency_statistiques_insolvabilite_march_2026.xlsx,2026-09-14
osb-4e21a8a3edcdc741422a,osb-bia-insolvency-statistics-2026-03,2026-03,British Columbia,province,business,individual_business,Bankruptcy,not_available,Volume,Number,8,published,https://ised-isde.canada.ca/site/office-superintendent-bankruptcy/sites/default/files/documents/insolvency_statistiques_insolvabilite_march_2026.xlsx,2026-09-14
osb-306517fbcd1f26500820,osb-bia-insolvency-statistics-2026-03,2026-01,British Columbia,province,business,individual_business,Proposal,not_available,Volume,Number,6,published,https://ised-isde.canada.ca/site/office-superintendent-bankruptcy/sites/default/files/documents/insolvency_statistiques_insolvabilite_march_2026.xlsx,2026-09-14
osb-32af90a9d2f8b7786864,osb-bia-insolvency-statistics-2026-03,2026-02,British Columbia,province,business,individual_business,Proposal,not_available,Volume,Number,6,published,https://ised-isde.canada.ca/site/office-superintendent-bankruptcy/sites/default/files/documents/insolvency_statistiques_insolvabilite_march_2026.xlsx,2026-09-14
osb-e680cf5b53744415f89d,osb-bia-insolvency-statistics-2026-03,2026-03,British Columbia,province,business,individual_business,Proposal,not_available,Volume,Number,5,published,https://ised-isde.canada.ca/site/office-superintendent-bankruptcy/sites/default/files/documents/insolvency_statistiques_insolvabilite_march_2026.xlsx,2026-09-14
osb-94623d1bd869d64c5b8e,osb-bia-insolvency-statistics-2026-03,2026-01,Northwest Territories,province,business,individual_business,Bankruptcy,not_available,Volume,Number,0,published,https://ised-isde.canada.ca/site/office-superintendent-bankruptcy/sites/default/files/documents/insolvency_statistiques_insolvabilite_march_2026.xlsx,2026-09-14
osb-bbe27e63afd519675c38,osb-bia-insolvency-statistics-2026-03,2026-02,Northwest Territories,province,business,individual_business,Bankruptcy,not_available,Volume,Number,0,published,https://ised-isde.canada.ca/site/office-superintendent-bankruptcy/sites/default/files/documents/insolvency_statistiques_insolvabilite_march_2026.xlsx,2026-09-14
osb-520797817179a0482365,osb-bia-insolvency-statistics-2026-03,2026-03,Northwest Territories,province,business,individual_business,Bankruptcy,not_available,Volume,Number,0,published,https://ised-isde.canada.ca/site/office-superintendent-bankruptcy/sites/default/files/documents/insolvency_statistiques_insolvabilite_march_2026.xlsx,2026-09-14
osb-f79c3fbd1dad2aa09e35,osb-bia-insolvency-statistics-2026-03,2026-01,Northwest Territories,province,business,individual_business,Proposal,not_available,Volume,Number,0,published,https://ised-isde.canada.ca/site/office-superintendent-bankruptcy/sites/default/files/documents/insolvency_statistiques_insolvabilite_march_2026.xlsx,2026-09-14
osb-4c6ce8c5bec6170daaee,osb-bia-insolvency-statistics-2026-03,2026-02,Northwest Territories,province,business,individual_business,Proposal,not_available,Volume,Number,0,published,https://ised-isde.canada.ca/site/office-superintendent-bankruptcy/sites/default/files/documents/insolvency_statistiques_insolvabilite_march_2026.xlsx,2026-09-14
osb-dc75188e004723c207ab,osb-bia-insolvency-statistics-2026-03,2026-03,Northwest Territories,province,business,individual_business,Proposal,not_available,Volume,Number,0,published,https://ised-isde.canada.ca/site/office-superintendent-bankruptcy/sites/default/files/documents/insolvency_statistiques_insolvabilite_march_2026.xlsx,2026-09-14
osb-1ef58576628a60758bbe,osb-bia-insolvency-statistics-2026-03,2026-01,Yukon,province,business,individual_business,Bankruptcy,not_available,Volume,Number,0,published,https://ised-isde.canada.ca/site/office-superintendent-bankruptcy/sites/default/files/documents/insolvency_statistiques_insolvabilite_march_2026.xlsx,2026-09-14
osb-99622fe5a3e34e0493c8,osb-bia-insolvency-statistics-2026-03,2026-02,Yukon,province,business,individual_business,Bankruptcy,not_available,Volume,Number,0,published,https://ised-isde.canada.ca/site/office-superintendent-bankruptcy/sites/default/files/documents/insolvency_statistiques_insolvabilite_march_2026.xlsx,2026-09-14
osb-9e9808ba8d31cebbf794,osb-bia-insolvency-statistics-2026-03,2026-03,Yukon,province,business,individual_business,Bankruptcy,not_available,Volume,Number,0,published,https://ised-isde.canada.ca/site/office-superintendent-bankruptcy/sites/default/files/documents/insolvency_statistiques_insolvabilite_march_2026.xlsx,2026-09-14
osb-65cf91c265345c33d663,osb-bia-insolvency-statistics-2026-03,2026-01,Yukon,province,business,individual_business,Proposal,not_available,Volume,Number,0,published,https://ised-isde.canada.ca/site/office-superintendent-bankruptcy/sites/default/files/documents/insolvency_statistiques_insolvabilite_march_2026.xlsx,2026-09-14
osb-db5301677d50cf5bb5a6,osb-bia-insolvency-statistics-2026-03,2026-02,Yukon,province,business,individual_business,Proposal,not_available,Volume,Number,0,published,https://ised-isde.canada.ca/site/office-superintendent-bankruptcy/sites/default/files/documents/insolvency_statistiques_insolvabilite_march_2026.xlsx,2026-09-14
osb-3de1567cf246f1d685a3,osb-bia-insolvency-statistics-2026-03,2026-03,Yukon,province,business,individual_business,Proposal,not_available,Volume,Number,0,published,https://ised-isde.canada.ca/site/office-superintendent-bankruptcy/sites/default/files/documents/insolvency_statistiques_insolvabilite_march_2026.xlsx,2026-09-14
osb-eeb6b09a7968f470b0d6,osb-bia-insolvency-statistics-2026-03,2026-01,Nunavut,province,business,individual_business,Bankruptcy,not_available,Volume,Number,0,published,https://ised-isde.canada.ca/site/office-superintendent-bankruptcy/sites/default/files/documents/insolvency_statistiques_insolvabilite_march_2026.xlsx,2026-09-14
osb-cc7a82e69fd109d92ff6,osb-bia-insolvency-statistics-2026-03,2026-02,Nunavut,province,business,individual_business,Bankruptcy,not_available,Volume,Number,0,published,https://ised-isde.canada.ca/site/office-superintendent-bankruptcy/sites/default/files/documents/insolvency_statistiques_insolvabilite_march_2026.xlsx,2026-09-14
osb-5b19fff7bbc33eedbf2e,osb-bia-insolvency-statistics-2026-03,2026-03,Nunavut,province,business,individual_business,Bankruptcy,not_available,Volume,Number,0,published,https://ised-isde.canada.ca/site/office-superintendent-bankruptcy/sites/default/files/documents/insolvency_statistiques_insolvabilite_march_2026.xlsx,2026-09-14
osb-2238aabdcc3ab33756e7,osb-bia-insolvency-statistics-2026-03,2026-01,Nunavut,province,business,individual_business,Proposal,not_available,Volume,Number,0,published,https://ised-isde.canada.ca/site/office-superintendent-bankruptcy/sites/default/files/documents/insolvency_statistiques_insolvabilite_march_2026.xlsx,2026-09-14
osb-13bb366526cb77aaece4,osb-bia-insolvency-statistics-2026-03,2026-02,Nunavut,province,business,individual_business,Proposal,not_available,Volume,Number,0,published,https://ised-isde.canada.ca/site/office-superintendent-bankruptcy/sites/default/files/documents/insolvency_statistiques_insolvabilite_march_2026.xlsx,2026-09-14
osb-cb722e6df501e1a6cbc5,osb-bia-insolvency-statistics-2026-03,2026-03,Nunavut,province,business,individual_business,Proposal,not_available,Volume,Number,0,published,https://ised-isde.canada.ca/site/office-superintendent-bankruptcy/sites/default/files/documents/insolvency_statistiques_insolvabilite_march_2026.xlsx,2026-09-14
osb-c4db3515eb641dd7f584,osb-bia-insolvency-statistics-2026-03,2026-01,Canada,province,business,individual_business,Bankruptcy,not_available,Volume,Number,53,published,https://ised-isde.canada.ca/site/office-superintendent-bankruptcy/sites/default/files/documents/insolvency_statistiques_insolvabilite_march_2026.xlsx,2026-09-14
osb-79def39c38ac151dfc77,osb-bia-insolvency-statistics-2026-03,2026-02,Canada,province,business,individual_business,Bankruptcy,not_available,Volume,Number,60,published,https://ised-isde.canada.ca/site/office-superintendent-bankruptcy/sites/default/files/documents/insolvency_statistiques_insolvabilite_march_2026.xlsx,2026-09-14
osb-b64aae750b81f871546f,osb-bia-insolvency-statistics-2026-03,2026-03,Canada,province,business,individual_business,Bankruptcy,not_available,Volume,Number,61,published,https://ised-isde.canada.ca/site/office-superintendent-bankruptcy/sites/default/files/documents/insolvency_statistiques_insolvabilite_march_2026.xlsx,2026-09-14
osb-acff19e56f92a7b4c559,osb-bia-insolvency-statistics-2026-03,2026-01,Canada,province,business,individual_business,Proposal,not_available,Volume,Number,36,published,https://ised-isde.canada.ca/site/office-superintendent-bankruptcy/sites/default/files/documents/insolvency_statistiques_insolvabilite_march_2026.xlsx,2026-09-14
osb-42486c83525bb19218af,osb-bia-insolvency-statistics-2026-03,2026-02,Canada,province,business,individual_business,Proposal,not_available,Volume,Number,28,published,https://ised-isde.canada.ca/site/office-superintendent-bankruptcy/sites/default/files/documents/insolvency_statistiques_insolvabilite_march_2026.xlsx,2026-09-14
osb-28fba1a0d3c64b1593eb,osb-bia-insolvency-statistics-2026-03,2026-03,Canada,province,business,individual_business,Proposal,not_available,Volume,Number,42,published,https://ised-isde.canada.ca/site/office-superintendent-bankruptcy/sites/default/files/documents/insolvency_statistiques_insolvabilite_march_2026.xlsx,2026-09-14
osb-42f8449c284ebf3b7b90,osb-bia-insolvency-statistics-2026-03,2026-01,Canada,country,all,all,Bankruptcy,"Agriculture, Forestry, Fishing and Hunting/Agriculture, foresterie, pêche et chasse",Volume,Number,1,published,https://ised-isde.canada.ca/site/office-superintendent-bankruptcy/sites/default/files/documents/insolvency_statistiques_insolvabilite_march_2026.xlsx,2026-09-14
osb-02c433ae336f11341bd1,osb-bia-insolvency-statistics-2026-03,2026-02,Canada,country,all,all,Bankruptcy,"Agriculture, Forestry, Fishing and Hunting/Agriculture, foresterie, pêche et chasse",Volume,Number,2,published,https://ised-isde.canada.ca/site/office-superintendent-bankruptcy/sites/default/files/documents/insolvency_statistiques_insolvabilite_march_2026.xlsx,2026-09-14
osb-e4c57a1fdf59a55d9eb9,osb-bia-insolvency-statistics-2026-03,2026-03,Canada,country,all,all,Bankruptcy,"Agriculture, Forestry, Fishing and Hunting/Agriculture, foresterie, pêche et chasse",Volume,Number,7,published,https://ised-isde.canada.ca/site/office-superintendent-bankruptcy/sites/default/files/documents/insolvency_statistiques_insolvabilite_march_2026.xlsx,2026-09-14
osb-4df6cd6775203b49f83c,osb-bia-insolvency-statistics-2026-03,2026-01,Canada,country,all,all,Proposal,"Agriculture, Forestry, Fishing and Hunting/Agriculture, foresterie, pêche et chasse",Volume,Number,5,published,https://ised-isde.canada.ca/site/office-superintendent-bankruptcy/sites/default/files/documents/insolvency_statistiques_insolvabilite_march_2026.xlsx,2026-09-14
osb-f95038ca20229404d079,osb-bia-insolvency-statistics-2026-03,2026-02,Canada,country,all,all,Proposal,"Agriculture, Forestry, Fishing and Hunting/Agriculture, foresterie, pêche et chasse",Volume,Number,0,published,https://ised-isde.canada.ca/site/office-superintendent-bankruptcy/sites/default/files/documents/insolvency_statistiques_insolvabilite_march_2026.xlsx,2026-09-14
osb-4c138573a9929212399a,osb-bia-insolvency-statistics-2026-03,2026-03,Canada,country,all,all,Proposal,"Agriculture, Forestry, Fishing and Hunting/Agriculture, foresterie, pêche et chasse",Volume,Number,4,published,https://ised-isde.canada.ca/site/office-superintendent-bankruptcy/sites/default/files/documents/insolvency_statistiques_insolvabilite_march_2026.xlsx,2026-09-14
osb-129cdca80218bdd24951,osb-bia-insolvency-statistics-2026-03,2026-01,Canada,country,all,all,Bankruptcy,Mining and Oil and Gas Extraction/Extraction minière et extraction de pétrole et de gaz,Volume,Number,0,published,https://ised-isde.canada.ca/site/office-superintendent-bankruptcy/sites/default/files/documents/insolvency_statistiques_insolvabilite_march_2026.xlsx,2026-09-14
osb-886e28930739f2a4cc5f,osb-bia-insolvency-statistics-2026-03,2026-02,Canada,country,all,all,Bankruptcy,Mining and Oil and Gas Extraction/Extraction minière et extraction de pétrole et de gaz,Volume,Number,3,published,https://ised-isde.canada.ca/site/office-superintendent-bankruptcy/sites/default/files/documents/insolvency_statistiques_insolvabilite_march_2026.xlsx,2026-09-14
osb-379aef89a148320b1901,osb-bia-insolvency-statistics-2026-03,2026-03,Canada,country,all,all,Bankruptcy,Mining and Oil and Gas Extraction/Extraction minière et extraction de pétrole et de gaz,Volume,Number,3,published,https://ised-isde.canada.ca/site/office-superintendent-bankruptcy/sites/default/files/documents/insolvency_statistiques_insolvabilite_march_2026.xlsx,2026-09-14
osb-c7bd1e215426e3941305,osb-bia-insolvency-statistics-2026-03,2026-01,Canada,country,all,all,Proposal,Mining and Oil and Gas Extraction/Extraction minière et extraction de pétrole et de gaz,Volume,Number,0,published,https://ised-isde.canada.ca/site/office-superintendent-bankruptcy/sites/default/files/documents/insolvency_statistiques_insolvabilite_march_2026.xlsx,2026-09-14
osb-e66ba8f638c432b85387,osb-bia-insolvency-statistics-2026-03,2026-02,Canada,country,all,all,Proposal,Mining and Oil and Gas Extraction/Extraction minière et extraction de pétrole et de gaz,Volume,Number,0,published,https://ised-isde.canada.ca/site/office-superintendent-bankruptcy/sites/default/files/documents/insolvency_statistiques_insolvabilite_march_2026.xlsx,2026-09-14
osb-ed585c01733cc870bd9e,osb-bia-insolvency-statistics-2026-03,2026-03,Canada,country,all,all,Proposal,Mining and Oil and Gas Extraction/Extraction minière et extraction de pétrole et de gaz,Volume,Number,0,published,https://ised-isde.canada.ca/site/office-superintendent-bankruptcy/sites/default/files/documents/insolvency_statistiques_insolvabilite_march_2026.xlsx,2026-09-14
osb-5f9732d7130b1142e8d1,osb-bia-insolvency-statistics-2026-03,2026-01,Canada,country,all,all,Bankruptcy,Utilities/Services publics,Volume,Number,1,published,https://ised-isde.canada.ca/site/office-superintendent-bankruptcy/sites/default/files/documents/insolvency_statistiques_insolvabilite_march_2026.xlsx,2026-09-14
osb-42594cb7f47d377d78c7,osb-bia-insolvency-statistics-2026-03,2026-02,Canada,country,all,all,Bankruptcy,Utilities/Services publics,Volume,Number,1,published,https://ised-isde.canada.ca/site/office-superintendent-bankruptcy/sites/default/files/documents/insolvency_statistiques_insolvabilite_march_2026.xlsx,2026-09-14
osb-04eea0f4ceeb9726faa3,osb-bia-insolvency-statistics-2026-03,2026-03,Canada,country,all,all,Bankruptcy,Utilities/Services publics,Volume,Number,2,published,https://ised-isde.canada.ca/site/office-superintendent-bankruptcy/sites/default/files/documents/insolvency_statistiques_insolvabilite_march_2026.xlsx,2026-09-14
osb-4ba45c61ee7f2896330c,osb-bia-insolvency-statistics-2026-03,2026-01,Canada,country,all,all,Proposal,Utilities/Services publics,Volume,Number,1,published,https://ised-isde.canada.ca/site/office-superintendent-bankruptcy/sites/default/files/documents/insolvency_statistiques_insolvabilite_march_2026.xlsx,2026-09-14
osb-62cfe5a7755d49eee3e1,osb-bia-insolvency-statistics-2026-03,2026-02,Canada,country,all,all,Proposal,Utilities/Services publics,Volume,Number,0,published,https://ised-isde.canada.ca/site/office-superintendent-bankruptcy/sites/default/files/documents/insolvency_statistiques_insolvabilite_march_2026.xlsx,2026-09-14
osb-d7669faf861f8afc9add,osb-bia-insolvency-statistics-2026-03,2026-03,Canada,country,all,all,Proposal,Utilities/Services publics,Volume,Number,0,published,https://ised-isde.canada.ca/site/office-superintendent-bankruptcy/sites/default/files/documents/insolvency_statistiques_insolvabilite_march_2026.xlsx,2026-09-14
osb-9600b522db2fd35494e4,osb-bia-insolvency-statistics-2026-03,2026-01,Canada,country,all,all,Bankruptcy,Construction/Construction,Volume,Number,55,published,https://ised-isde.canada.ca/site/office-superintendent-bankruptcy/sites/default/files/documents/insolvency_statistiques_insolvabilite_march_2026.xlsx,2026-09-14
osb-cff96f3c75cae463bbb8,osb-bia-insolvency-statistics-2026-03,2026-02,Canada,country,all,all,Bankruptcy,Construction/Construction,Volume,Number,57,published,https://ised-isde.canada.ca/site/office-superintendent-bankruptcy/sites/default/files/documents/insolvency_statistiques_insolvabilite_march_2026.xlsx,2026-09-14
osb-4b39d01fef222f0da371,osb-bia-insolvency-statistics-2026-03,2026-03,Canada,country,all,all,Bankruptcy,Construction/Construction,Volume,Number,47,published,https://ised-isde.canada.ca/site/office-superintendent-bankruptcy/sites/default/files/documents/insolvency_statistiques_insolvabilite_march_2026.xlsx,2026-09-14
osb-fcbf7166ee1fd3b6f781,osb-bia-insolvency-statistics-2026-03,2026-01,Canada,country,all,all,Proposal,Construction/Construction,Volume,Number,13,published,https://ised-isde.canada.ca/site/office-superintendent-bankruptcy/sites/default/files/documents/insolvency_statistiques_insolvabilite_march_2026.xlsx,2026-09-14
osb-61ece6b8c005b504dadb,osb-bia-insolvency-statistics-2026-03,2026-02,Canada,country,all,all,Proposal,Construction/Construction,Volume,Number,13,published,https://ised-isde.canada.ca/site/office-superintendent-bankruptcy/sites/default/files/documents/insolvency_statistiques_insolvabilite_march_2026.xlsx,2026-09-14
osb-cad128b4833e07d41333,osb-bia-insolvency-statistics-2026-03,2026-03,Canada,country,all,all,Proposal,Construction/Construction,Volume,Number,23,published,https://ised-isde.canada.ca/site/office-superintendent-bankruptcy/sites/default/files/documents/insolvency_statistiques_insolvabilite_march_2026.xlsx,2026-09-14
osb-c1432483331342b12b94,osb-bia-insolvency-statistics-2026-03,2026-01,Canada,country,all,all,Bankruptcy,Manufacturing/Fabrication,Volume,Number,20,published,https://ised-isde.canada.ca/site/office-superintendent-bankruptcy/sites/default/files/documents/insolvency_statistiques_insolvabilite_march_2026.xlsx,2026-09-14
osb-61a086f788e573a327c3,osb-bia-insolvency-statistics-2026-03,2026-02,Canada,country,all,all,Bankruptcy,Manufacturing/Fabrication,Volume,Number,29,published,https://ised-isde.canada.ca/site/office-superintendent-bankruptcy/sites/default/files/documents/insolvency_statistiques_insolvabilite_march_2026.xlsx,2026-09-14
osb-e82139abd7a72cfcbd0c,osb-bia-insolvency-statistics-2026-03,2026-03,Canada,country,all,all,Bankruptcy,Manufacturing/Fabrication,Volume,Number,25,published,https://ised-isde.canada.ca/site/office-superintendent-bankruptcy/sites/default/files/documents/insolvency_statistiques_insolvabilite_march_2026.xlsx,2026-09-14
osb-080be729565ef2ee8148,osb-bia-insolvency-statistics-2026-03,2026-01,Canada,country,all,all,Proposal,Manufacturing/Fabrication,Volume,Number,6,published,https://ised-isde.canada.ca/site/office-superintendent-bankruptcy/sites/default/files/documents/insolvency_statistiques_insolvabilite_march_2026.xlsx,2026-09-14
osb-1bd40183e075642f0e25,osb-bia-insolvency-statistics-2026-03,2026-02,Canada,country,all,all,Proposal,Manufacturing/Fabrication,Volume,Number,11,published,https://ised-isde.canada.ca/site/office-superintendent-bankruptcy/sites/default/files/documents/insolvency_statistiques_insolvabilite_march_2026.xlsx,2026-09-14
osb-2cb38ae4b8c37eb363a0,osb-bia-insolvency-statistics-2026-03,2026-03,Canada,country,all,all,Proposal,Manufacturing/Fabrication,Volume,Number,11,published,https://ised-isde.canada.ca/site/office-superintendent-bankruptcy/sites/default/files/documents/insolvency_statistiques_insolvabilite_march_2026.xlsx,2026-09-14
osb-80e3fd41752a06982b8b,osb-bia-insolvency-statistics-2026-03,2026-01,Canada,country,all,all,Bankruptcy,Wholesale Trade/Commerce de gros,Volume,Number,11,published,https://ised-isde.canada.ca/site/office-superintendent-bankruptcy/sites/default/files/documents/insolvency_statistiques_insolvabilite_march_2026.xlsx,2026-09-14
osb-f785023cdbc5509393c4,osb-bia-insolvency-statistics-2026-03,2026-02,Canada,country,all,all,Bankruptcy,Wholesale Trade/Commerce de gros,Volume,Number,14,published,https://ised-isde.canada.ca/site/office-superintendent-bankruptcy/sites/default/files/documents/insolvency_statistiques_insolvabilite_march_2026.xlsx,2026-09-14
osb-a3ebe0c9a92b4ce8a79b,osb-bia-insolvency-statistics-2026-03,2026-03,Canada,country,all,all,Bankruptcy,Wholesale Trade/Commerce de gros,Volume,Number,17,published,https://ised-isde.canada.ca/site/office-superintendent-bankruptcy/sites/default/files/documents/insolvency_statistiques_insolvabilite_march_2026.xlsx,2026-09-14
osb-955a7651ecf5e3d723ce,osb-bia-insolvency-statistics-2026-03,2026-01,Canada,country,all,all,Proposal,Wholesale Trade/Commerce de gros,Volume,Number,2,published,https://ised-isde.canada.ca/site/office-superintendent-bankruptcy/sites/default/files/documents/insolvency_statistiques_insolvabilite_march_2026.xlsx,2026-09-14
osb-15a6b45186d15fcc6dc5,osb-bia-insolvency-statistics-2026-03,2026-02,Canada,country,all,all,Proposal,Wholesale Trade/Commerce de gros,Volume,Number,4,published,https://ised-isde.canada.ca/site/office-superintendent-bankruptcy/sites/default/files/documents/insolvency_statistiques_insolvabilite_march_2026.xlsx,2026-09-14
osb-a684fc32542f3e677763,osb-bia-insolvency-statistics-2026-03,2026-03,Canada,country,all,all,Proposal,Wholesale Trade/Commerce de gros,Volume,Number,5,published,https://ised-isde.canada.ca/site/office-superintendent-bankruptcy/sites/default/files/documents/insolvency_statistiques_insolvabilite_march_2026.xlsx,2026-09-14
osb-bc14115a217e6dd38d1b,osb-bia-insolvency-statistics-2026-03,2026-01,Canada,country,all,all,Bankruptcy,Retail Trade/Commerce de détail,Volume,Number,40,published,https://ised-isde.canada.ca/site/office-superintendent-bankruptcy/sites/default/files/documents/insolvency_statistiques_insolvabilite_march_2026.xlsx,2026-09-14
osb-20f8d5c7a9bed3c44539,osb-bia-insolvency-statistics-2026-03,2026-02,Canada,country,all,all,Bankruptcy,Retail Trade/Commerce de détail,Volume,Number,27,published,https://ised-isde.canada.ca/site/office-superintendent-bankruptcy/sites/default/files/documents/insolvency_statistiques_insolvabilite_march_2026.xlsx,2026-09-14
osb-2085d9df22e4e79868cb,osb-bia-insolvency-statistics-2026-03,2026-03,Canada,country,all,all,Bankruptcy,Retail Trade/Commerce de détail,Volume,Number,31,published,https://ised-isde.canada.ca/site/office-superintendent-bankruptcy/sites/default/files/documents/insolvency_statistiques_insolvabilite_march_2026.xlsx,2026-09-14
osb-111ad2918542efdfcbb3,osb-bia-insolvency-statistics-2026-03,2026-01,Canada,country,all,all,Proposal,Retail Trade/Commerce de détail,Volume,Number,4,published,https://ised-isde.canada.ca/site/office-superintendent-bankruptcy/sites/default/files/documents/insolvency_statistiques_insolvabilite_march_2026.xlsx,2026-09-14
osb-fdb6c66890c19e084e8f,osb-bia-insolvency-statistics-2026-03,2026-02,Canada,country,all,all,Proposal,Retail Trade/Commerce de détail,Volume,Number,7,published,https://ised-isde.canada.ca/site/office-superintendent-bankruptcy/sites/default/files/documents/insolvency_statistiques_insolvabilite_march_2026.xlsx,2026-09-14
osb-192cd05da73374b03381,osb-bia-insolvency-statistics-2026-03,2026-03,Canada,country,all,all,Proposal,Retail Trade/Commerce de détail,Volume,Number,6,published,https://ised-isde.canada.ca/site/office-superintendent-bankruptcy/sites/default/files/documents/insolvency_statistiques_insolvabilite_march_2026.xlsx,2026-09-14
osb-d4a6081bd5e53f4f30d5,osb-bia-insolvency-statistics-2026-03,2026-01,Canada,country,all,all,Bankruptcy,Transportation and Warehousing/Transport et entreposage,Volume,Number,27,published,https://ised-isde.canada.ca/site/office-superintendent-bankruptcy/sites/default/files/documents/insolvency_statistiques_insolvabilite_march_2026.xlsx,2026-09-14
osb-5e83208b59c48464f86b,osb-bia-insolvency-statistics-2026-03,2026-02,Canada,country,all,all,Bankruptcy,Transportation and Warehousing/Transport et entreposage,Volume,Number,17,published,https://ised-isde.canada.ca/site/office-superintendent-bankruptcy/sites/default/files/documents/insolvency_statistiques_insolvabilite_march_2026.xlsx,2026-09-14
osb-0cac0fb0dae96c44bf73,osb-bia-insolvency-statistics-2026-03,2026-03,Canada,country,all,all,Bankruptcy,Transportation and Warehousing/Transport et entreposage,Volume,Number,32,published,https://ised-isde.canada.ca/site/office-superintendent-bankruptcy/sites/default/files/documents/insolvency_statistiques_insolvabilite_march_2026.xlsx,2026-09-14
osb-f0de2f1a97d574cf0064,osb-bia-insolvency-statistics-2026-03,2026-01,Canada,country,all,all,Proposal,Transportation and Warehousing/Transport et entreposage,Volume,Number,6,published,https://ised-isde.canada.ca/site/office-superintendent-bankruptcy/sites/default/files/documents/insolvency_statistiques_insolvabilite_march_2026.xlsx,2026-09-14
osb-c57fb61a822798b602c6,osb-bia-insolvency-statistics-2026-03,2026-02,Canada,country,all,all,Proposal,Transportation and Warehousing/Transport et entreposage,Volume,Number,10,published,https://ised-isde.canada.ca/site/office-superintendent-bankruptcy/sites/default/files/documents/insolvency_statistiques_insolvabilite_march_2026.xlsx,2026-09-14
osb-b5bf4e0b479b52e2ef57,osb-bia-insolvency-statistics-2026-03,2026-03,Canada,country,all,all,Proposal,Transportation and Warehousing/Transport et entreposage,Volume,Number,8,published,https://ised-isde.canada.ca/site/office-superintendent-bankruptcy/sites/default/files/documents/insolvency_statistiques_insolvabilite_march_2026.xlsx,2026-09-14
osb-ea95b8ab8da9380b9ef9,osb-bia-insolvency-statistics-2026-03,2026-01,Canada,country,all,all,Bankruptcy,Information and Cultural Industries/Industrie de l'information et industrie culturelle,Volume,Number,4,published,https://ised-isde.canada.ca/site/office-superintendent-bankruptcy/sites/default/files/documents/insolvency_statistiques_insolvabilite_march_2026.xlsx,2026-09-14
osb-e2ce77d8029070d5201a,osb-bia-insolvency-statistics-2026-03,2026-02,Canada,country,all,all,Bankruptcy,Information and Cultural Industries/Industrie de l'information et industrie culturelle,Volume,Number,5,published,https://ised-isde.canada.ca/site/office-superintendent-bankruptcy/sites/default/files/documents/insolvency_statistiques_insolvabilite_march_2026.xlsx,2026-09-14
osb-08565e8695112de4f725,osb-bia-insolvency-statistics-2026-03,2026-03,Canada,country,all,all,Bankruptcy,Information and Cultural Industries/Industrie de l'information et industrie culturelle,Volume,Number,3,published,https://ised-isde.canada.ca/site/office-superintendent-bankruptcy/sites/default/files/documents/insolvency_statistiques_insolvabilite_march_2026.xlsx,2026-09-14
osb-f2690172e788080d9335,osb-bia-insolvency-statistics-2026-03,2026-01,Canada,country,all,all,Proposal,Information and Cultural Industries/Industrie de l'information et industrie culturelle,Volume,Number,1,published,https://ised-isde.canada.ca/site/office-superintendent-bankruptcy/sites/default/files/documents/insolvency_statistiques_insolvabilite_march_2026.xlsx,2026-09-14
osb-8f710c1541b31a8b4702,osb-bia-insolvency-statistics-2026-03,2026-02,Canada,country,all,all,Proposal,Information and Cultural Industries/Industrie de l'information et industrie culturelle,Volume,Number,1,published,https://ised-isde.canada.ca/site/office-superintendent-bankruptcy/sites/default/files/documents/insolvency_statistiques_insolvabilite_march_2026.xlsx,2026-09-14
osb-1bf27d2b684869c91e0e,osb-bia-insolvency-statistics-2026-03,2026-03,Canada,country,all,all,Proposal,Information and Cultural Industries/Industrie de l'information et industrie culturelle,Volume,Number,2,published,https://ised-isde.canada.ca/site/office-superintendent-bankruptcy/sites/default/files/documents/insolvency_statistiques_insolvabilite_march_2026.xlsx,2026-09-14
osb-2e5dcb1f18baa0c73a50,osb-bia-insolvency-statistics-2026-03,2026-01,Canada,country,all,all,Bankruptcy,Finance and Insurance/Finance et assurances,Volume,Number,2,published,https://ised-isde.canada.ca/site/office-superintendent-bankruptcy/sites/default/files/documents/insolvency_statistiques_insolvabilite_march_2026.xlsx,2026-09-14
osb-9ecdcd5f3ec4c9684ef6,osb-bia-insolvency-statistics-2026-03,2026-02,Canada,country,all,all,Bankruptcy,Finance and Insurance/Finance et assurances,Volume,Number,8,published,https://ised-isde.canada.ca/site/office-superintendent-bankruptcy/sites/default/files/documents/insolvency_statistiques_insolvabilite_march_2026.xlsx,2026-09-14
osb-26b83be6a96dea6b38e8,osb-bia-insolvency-statistics-2026-03,2026-03,Canada,country,all,all,Bankruptcy,Finance and Insurance/Finance et assurances,Volume,Number,15,published,https://ised-isde.canada.ca/site/office-superintendent-bankruptcy/sites/default/files/documents/insolvency_statistiques_insolvabilite_march_2026.xlsx,2026-09-14
osb-fcbdd4c2289ad1cb131a,osb-bia-insolvency-statistics-2026-03,2026-01,Canada,country,all,all,Proposal,Finance and Insurance/Finance et assurances,Volume,Number,0,published,https://ised-isde.canada.ca/site/office-superintendent-bankruptcy/sites/default/files/documents/insolvency_statistiques_insolvabilite_march_2026.xlsx,2026-09-14
osb-6720afcdfae1cd50848b,osb-bia-insolvency-statistics-2026-03,2026-02,Canada,country,all,all,Proposal,Finance and Insurance/Finance et assurances,Volume,Number,0,published,https://ised-isde.canada.ca/site/office-superintendent-bankruptcy/sites/default/files/documents/insolvency_statistiques_insolvabilite_march_2026.xlsx,2026-09-14
osb-bad9b9c901742e43ab67,osb-bia-insolvency-statistics-2026-03,2026-03,Canada,country,all,all,Proposal,Finance and Insurance/Finance et assurances,Volume,Number,1,published,https://ised-isde.canada.ca/site/office-superintendent-bankruptcy/sites/default/files/documents/insolvency_statistiques_insolvabilite_march_2026.xlsx,2026-09-14
osb-b9b7d618a855bad009df,osb-bia-insolvency-statistics-2026-03,2026-01,Canada,country,all,all,Bankruptcy,Real Estate and Rental and Leasing/Services immobiliers et services de location et de location à bail,Volume,Number,11,published,https://ised-isde.canada.ca/site/office-superintendent-bankruptcy/sites/default/files/documents/insolvency_statistiques_insolvabilite_march_2026.xlsx,2026-09-14
osb-e062a4d1046cb9aba5c6,osb-bia-insolvency-statistics-2026-03,2026-02,Canada,country,all,all,Bankruptcy,Real Estate and Rental and Leasing/Services immobiliers et services de location et de location à bail,Volume,Number,12,published,https://ised-isde.canada.ca/site/office-superintendent-bankruptcy/sites/default/files/documents/insolvency_statistiques_insolvabilite_march_2026.xlsx,2026-09-14
osb-04135128e868ef7ffb03,osb-bia-insolvency-statistics-2026-03,2026-03,Canada,country,all,all,Bankruptcy,Real Estate and Rental and Leasing/Services immobiliers et services de location et de location à bail,Volume,Number,13,published,https://ised-isde.canada.ca/site/office-superintendent-bankruptcy/sites/default/files/documents/insolvency_statistiques_insolvabilite_march_2026.xlsx,2026-09-14
osb-4525fae81842c815aebc,osb-bia-insolvency-statistics-2026-03,2026-01,Canada,country,all,all,Proposal,Real Estate and Rental and Leasing/Services immobiliers et services de location et de location à bail,Volume,Number,4,published,https://ised-isde.canada.ca/site/office-superintendent-bankruptcy/sites/default/files/documents/insolvency_statistiques_insolvabilite_march_2026.xlsx,2026-09-14
osb-5f64eaeaa509d2c5b104,osb-bia-insolvency-statistics-2026-03,2026-02,Canada,country,all,all,Proposal,Real Estate and Rental and Leasing/Services immobiliers et services de location et de location à bail,Volume,Number,2,published,https://ised-isde.canada.ca/site/office-superintendent-bankruptcy/sites/default/files/documents/insolvency_statistiques_insolvabilite_march_2026.xlsx,2026-09-14
osb-b3220c3278c673c9cbe1,osb-bia-insolvency-statistics-2026-03,2026-03,Canada,country,all,all,Proposal,Real Estate and Rental and Leasing/Services immobiliers et services de location et de location à bail,Volume,Number,5,published,https://ised-isde.canada.ca/site/office-superintendent-bankruptcy/sites/default/files/documents/insolvency_statistiques_insolvabilite_march_2026.xlsx,2026-09-14
osb-34df1d781b18ce719cd2,osb-bia-insolvency-statistics-2026-03,2026-01,Canada,country,all,all,Bankruptcy,"Professional, Scientific and Technical Services/Services professionnels, scientifiques et techniques",Volume,Number,18,published,https://ised-isde.canada.ca/site/office-superintendent-bankruptcy/sites/default/files/documents/insolvency_statistiques_insolvabilite_march_2026.xlsx,2026-09-14
osb-ec401426306b1f28396e,osb-bia-insolvency-statistics-2026-03,2026-02,Canada,country,all,all,Bankruptcy,"Professional, Scientific and Technical Services/Services professionnels, scientifiques et techniques",Volume,Number,28,published,https://ised-isde.canada.ca/site/office-superintendent-bankruptcy/sites/default/files/documents/insolvency_statistiques_insolvabilite_march_2026.xlsx,2026-09-14
osb-1820b652542641d29d26,osb-bia-insolvency-statistics-2026-03,2026-03,Canada,country,all,all,Bankruptcy,"Professional, Scientific and Technical Services/Services professionnels, scientifiques et techniques",Volume,Number,25,published,https://ised-isde.canada.ca/site/office-superintendent-bankruptcy/sites/default/files/documents/insolvency_statistiques_insolvabilite_march_2026.xlsx,2026-09-14
osb-cc11bf98a9a5e25fc5c3,osb-bia-insolvency-statistics-2026-03,2026-01,Canada,country,all,all,Proposal,"Professional, Scientific and Technical Services/Services professionnels, scientifiques et techniques",Volume,Number,5,published,https://ised-isde.canada.ca/site/office-superintendent-bankruptcy/sites/default/files/documents/insolvency_statistiques_insolvabilite_march_2026.xlsx,2026-09-14
osb-5aec18fd2733f28a9a18,osb-bia-insolvency-statistics-2026-03,2026-02,Canada,country,all,all,Proposal,"Professional, Scientific and Technical Services/Services professionnels, scientifiques et techniques",Volume,Number,13,published,https://ised-isde.canada.ca/site/office-superintendent-bankruptcy/sites/default/files/documents/insolvency_statistiques_insolvabilite_march_2026.xlsx,2026-09-14
osb-32c90b197e6c1f222262,osb-bia-insolvency-statistics-2026-03,2026-03,Canada,country,all,all,Proposal,"Professional, Scientific and Technical Services/Services professionnels, scientifiques et techniques",Volume,Number,14,published,https://ised-isde.canada.ca/site/office-superintendent-bankruptcy/sites/default/files/documents/insolvency_statistiques_insolvabilite_march_2026.xlsx,2026-09-14
osb-4802ac4befce60d79a07,osb-bia-insolvency-statistics-2026-03,2026-01,Canada,country,all,all,Bankruptcy,Management of Companies and Enterprises/Gestion de sociétés et d'entreprises,Volume,Number,14,published,https://ised-isde.canada.ca/site/office-superintendent-bankruptcy/sites/default/files/documents/insolvency_statistiques_insolvabilite_march_2026.xlsx,2026-09-14
osb-7e9e59ee5f86be2fbf19,osb-bia-insolvency-statistics-2026-03,2026-02,Canada,country,all,all,Bankruptcy,Management of Companies and Enterprises/Gestion de sociétés et d'entreprises,Volume,Number,18,published,https://ised-isde.canada.ca/site/office-superintendent-bankruptcy/sites/default/files/documents/insolvency_statistiques_insolvabilite_march_2026.xlsx,2026-09-14
osb-21e0cea83f3dd099b028,osb-bia-insolvency-statistics-2026-03,2026-03,Canada,country,all,all,Bankruptcy,Management of Companies and Enterprises/Gestion de sociétés et d'entreprises,Volume,Number,7,published,https://ised-isde.canada.ca/site/office-superintendent-bankruptcy/sites/default/files/documents/insolvency_statistiques_insolvabilite_march_2026.xlsx,2026-09-14
osb-2c8c959d8b1d4c6e4b5c,osb-bia-insolvency-statistics-2026-03,2026-01,Canada,country,all,all,Proposal,Management of Companies and Enterprises/Gestion de sociétés et d'entreprises,Volume,Number,3,published,https://ised-isde.canada.ca/site/office-superintendent-bankruptcy/sites/default/files/documents/insolvency_statistiques_insolvabilite_march_2026.xlsx,2026-09-14
osb-0c30aefb552cf6394ca7,osb-bia-insolvency-statistics-2026-03,2026-02,Canada,country,all,all,Proposal,Management of Companies and Enterprises/Gestion de sociétés et d'entreprises,Volume,Number,3,published,https://ised-isde.canada.ca/site/office-superintendent-bankruptcy/sites/default/files/documents/insolvency_statistiques_insolvabilite_march_2026.xlsx,2026-09-14
osb-c29e9c0f5f2c884395c6,osb-bia-insolvency-statistics-2026-03,2026-03,Canada,country,all,all,Proposal,Management of Companies and Enterprises/Gestion de sociétés et d'entreprises,Volume,Number,1,published,https://ised-isde.canada.ca/site/office-superintendent-bankruptcy/sites/default/files/documents/insolvency_statistiques_insolvabilite_march_2026.xlsx,2026-09-14
osb-a786466c9459a7063e39,osb-bia-insolvency-statistics-2026-03,2026-01,Canada,country,all,all,Bankruptcy,"Administrative and Support, Waste Management and Remediation Services/Services administratifs, services de soutien, services de gestion des déchets et services d'assainissement",Volume,Number,18,published,https://ised-isde.canada.ca/site/office-superintendent-bankruptcy/sites/default/files/documents/insolvency_statistiques_insolvabilite_march_2026.xlsx,2026-09-14
osb-79780a775f0210a5ba73,osb-bia-insolvency-statistics-2026-03,2026-02,Canada,country,all,all,Bankruptcy,"Administrative and Support, Waste Management and Remediation Services/Services administratifs, services de soutien, services de gestion des déchets et services d'assainissement",Volume,Number,18,published,https://ised-isde.canada.ca/site/office-superintendent-bankruptcy/sites/default/files/documents/insolvency_statistiques_insolvabilite_march_2026.xlsx,2026-09-14
osb-131c3916b77520a09258,osb-bia-insolvency-statistics-2026-03,2026-03,Canada,country,all,all,Bankruptcy,"Administrative and Support, Waste Management and Remediation Services/Services administratifs, services de soutien, services de gestion des déchets et services d'assainissement",Volume,Number,15,published,https://ised-isde.canada.ca/site/office-superintendent-bankruptcy/sites/default/files/documents/insolvency_statistiques_insolvabilite_march_2026.xlsx,2026-09-14
osb-ba2912d0223fde389917,osb-bia-insolvency-statistics-2026-03,2026-01,Canada,country,all,all,Proposal,"Administrative and Support, Waste Management and Remediation Services/Services administratifs, services de soutien, services de gestion des déchets et services d'assainissement",Volume,Number,4,published,https://ised-isde.canada.ca/site/office-superintendent-bankruptcy/sites/default/files/documents/insolvency_statistiques_insolvabilite_march_2026.xlsx,2026-09-14
osb-86079a3addb2c3ca82ff,osb-bia-insolvency-statistics-2026-03,2026-02,Canada,country,all,all,Proposal,"Administrative and Support, Waste Management and Remediation Services/Services administratifs, services de soutien, services de gestion des déchets et services d'assainissement",Volume,Number,6,published,https://ised-isde.canada.ca/site/office-superintendent-bankruptcy/sites/default/files/documents/insolvency_statistiques_insolvabilite_march_2026.xlsx,2026-09-14
osb-a968794e139fade91e74,osb-bia-insolvency-statistics-2026-03,2026-03,Canada,country,all,all,Proposal,"Administrative and Support, Waste Management and Remediation Services/Services administratifs, services de soutien, services de gestion des déchets et services d'assainissement",Volume,Number,8,published,https://ised-isde.canada.ca/site/office-superintendent-bankruptcy/sites/default/files/documents/insolvency_statistiques_insolvabilite_march_2026.xlsx,2026-09-14
osb-d8cc5df841710a76351f,osb-bia-insolvency-statistics-2026-03,2026-01,Canada,country,all,all,Bankruptcy,Educational Services/Services d'enseignement,Volume,Number,3,published,https://ised-isde.canada.ca/site/office-superintendent-bankruptcy/sites/default/files/documents/insolvency_statistiques_insolvabilite_march_2026.xlsx,2026-09-14
osb-c58c09c881b68f33671b,osb-bia-insolvency-statistics-2026-03,2026-02,Canada,country,all,all,Bankruptcy,Educational Services/Services d'enseignement,Volume,Number,1,published,https://ised-isde.canada.ca/site/office-superintendent-bankruptcy/sites/default/files/documents/insolvency_statistiques_insolvabilite_march_2026.xlsx,2026-09-14
osb-fc8c7e39da7fe66b986a,osb-bia-insolvency-statistics-2026-03,2026-03,Canada,country,all,all,Bankruptcy,Educational Services/Services d'enseignement,Volume,Number,1,published,https://ised-isde.canada.ca/site/office-superintendent-bankruptcy/sites/default/files/documents/insolvency_statistiques_insolvabilite_march_2026.xlsx,2026-09-14
osb-c25a32a8d73f6a142e49,osb-bia-insolvency-statistics-2026-03,2026-01,Canada,country,all,all,Proposal,Educational Services/Services d'enseignement,Volume,Number,0,published,https://ised-isde.canada.ca/site/office-superintendent-bankruptcy/sites/default/files/documents/insolvency_statistiques_insolvabilite_march_2026.xlsx,2026-09-14
osb-4e7822cbf771d8ebe8cd,osb-bia-insolvency-statistics-2026-03,2026-02,Canada,country,all,all,Proposal,Educational Services/Services d'enseignement,Volume,Number,0,published,https://ised-isde.canada.ca/site/office-superintendent-bankruptcy/sites/default/files/documents/insolvency_statistiques_insolvabilite_march_2026.xlsx,2026-09-14
osb-3f95148cad48d8429a64,osb-bia-insolvency-statistics-2026-03,2026-03,Canada,country,all,all,Proposal,Educational Services/Services d'enseignement,Volume,Number,1,published,https://ised-isde.canada.ca/site/office-superintendent-bankruptcy/sites/default/files/documents/insolvency_statistiques_insolvabilite_march_2026.xlsx,2026-09-14
osb-86abef0fb4c5b347a178,osb-bia-insolvency-statistics-2026-03,2026-01,Canada,country,all,all,Bankruptcy,Health Care and Social Assistance/Soins de santé et assistance sociale,Volume,Number,5,published,https://ised-isde.canada.ca/site/office-superintendent-bankruptcy/sites/default/files/documents/insolvency_statistiques_insolvabilite_march_2026.xlsx,2026-09-14
osb-a1d1757e2a120449dc1e,osb-bia-insolvency-statistics-2026-03,2026-02,Canada,country,all,all,Bankruptcy,Health Care and Social Assistance/Soins de santé et assistance sociale,Volume,Number,4,published,https://ised-isde.canada.ca/site/office-superintendent-bankruptcy/sites/default/files/documents/insolvency_statistiques_insolvabilite_march_2026.xlsx,2026-09-14
osb-48bfc4b3a81f17ccbfd4,osb-bia-insolvency-statistics-2026-03,2026-03,Canada,country,all,all,Bankruptcy,Health Care and Social Assistance/Soins de santé et assistance sociale,Volume,Number,15,published,https://ised-isde.canada.ca/site/office-superintendent-bankruptcy/sites/default/files/documents/insolvency_statistiques_insolvabilite_march_2026.xlsx,2026-09-14
osb-275696eafac49d10877e,osb-bia-insolvency-statistics-2026-03,2026-01,Canada,country,all,all,Proposal,Health Care and Social Assistance/Soins de santé et assistance sociale,Volume,Number,4,published,https://ised-isde.canada.ca/site/office-superintendent-bankruptcy/sites/default/files/documents/insolvency_statistiques_insolvabilite_march_2026.xlsx,2026-09-14
osb-e0801b90695a71e42938,osb-bia-insolvency-statistics-2026-03,2026-02,Canada,country,all,all,Proposal,Health Care and Social Assistance/Soins de santé et assistance sociale,Volume,Number,2,published,https://ised-isde.canada.ca/site/office-superintendent-bankruptcy/sites/default/files/documents/insolvency_statistiques_insolvabilite_march_2026.xlsx,2026-09-14
osb-426982fd1c774a3411e4,osb-bia-insolvency-statistics-2026-03,2026-03,Canada,country,all,all,Proposal,Health Care and Social Assistance/Soins de santé et assistance sociale,Volume,Number,4,published,https://ised-isde.canada.ca/site/office-superintendent-bankruptcy/sites/default/files/documents/insolvency_statistiques_insolvabilite_march_2026.xlsx,2026-09-14
osb-edc09e3168b05ad9f7f7,osb-bia-insolvency-statistics-2026-03,2026-01,Canada,country,all,all,Bankruptcy,"Arts, Entertainment and Recreation/Arts, spectacles et loisirs",Volume,Number,10,published,https://ised-isde.canada.ca/site/office-superintendent-bankruptcy/sites/default/files/documents/insolvency_statistiques_insolvabilite_march_2026.xlsx,2026-09-14
osb-dc7c2bf3037c3764471d,osb-bia-insolvency-statistics-2026-03,2026-02,Canada,country,all,all,Bankruptcy,"Arts, Entertainment and Recreation/Arts, spectacles et loisirs",Volume,Number,6,published,https://ised-isde.canada.ca/site/office-superintendent-bankruptcy/sites/default/files/documents/insolvency_statistiques_insolvabilite_march_2026.xlsx,2026-09-14
osb-946ee2a2795dc7e399f4,osb-bia-insolvency-statistics-2026-03,2026-03,Canada,country,all,all,Bankruptcy,"Arts, Entertainment and Recreation/Arts, spectacles et loisirs",Volume,Number,4,published,https://ised-isde.canada.ca/site/office-superintendent-bankruptcy/sites/default/files/documents/insolvency_statistiques_insolvabilite_march_2026.xlsx,2026-09-14
osb-1299b430433d755b4595,osb-bia-insolvency-statistics-2026-03,2026-01,Canada,country,all,all,Proposal,"Arts, Entertainment and Recreation/Arts, spectacles et loisirs",Volume,Number,0,published,https://ised-isde.canada.ca/site/office-superintendent-bankruptcy/sites/default/files/documents/insolvency_statistiques_insolvabilite_march_2026.xlsx,2026-09-14
osb-c2b324b337530eddf5ed,osb-bia-insolvency-statistics-2026-03,2026-02,Canada,country,all,all,Proposal,"Arts, Entertainment and Recreation/Arts, spectacles et loisirs",Volume,Number,0,published,https://ised-isde.canada.ca/site/office-superintendent-bankruptcy/sites/default/files/documents/insolvency_statistiques_insolvabilite_march_2026.xlsx,2026-09-14
osb-b6b843857d4a9161b470,osb-bia-insolvency-statistics-2026-03,2026-03,Canada,country,all,all,Proposal,"Arts, Entertainment and Recreation/Arts, spectacles et loisirs",Volume,Number,0,published,https://ised-isde.canada.ca/site/office-superintendent-bankruptcy/sites/default/files/documents/insolvency_statistiques_insolvabilite_march_2026.xlsx,2026-09-14
osb-fcfbea99583c127388cb,osb-bia-insolvency-statistics-2026-03,2026-01,Canada,country,all,all,Bankruptcy,Accommodation and Food Services/Hébergement et services de restauration,Volume,Number,30,published,https://ised-isde.canada.ca/site/office-superintendent-bankruptcy/sites/default/files/documents/insolvency_statistiques_insolvabilite_march_2026.xlsx,2026-09-14
osb-5b9b985b5b74c2afaa90,osb-bia-insolvency-statistics-2026-03,2026-02,Canada,country,all,all,Bankruptcy,Accommodation and Food Services/Hébergement et services de restauration,Volume,Number,44,published,https://ised-isde.canada.ca/site/office-superintendent-bankruptcy/sites/default/files/documents/insolvency_statistiques_insolvabilite_march_2026.xlsx,2026-09-14
osb-3cae02c28d5d890bd2e5,osb-bia-insolvency-statistics-2026-03,2026-03,Canada,country,all,all,Bankruptcy,Accommodation and Food Services/Hébergement et services de restauration,Volume,Number,52,published,https://ised-isde.canada.ca/site/office-superintendent-bankruptcy/sites/default/files/documents/insolvency_statistiques_insolvabilite_march_2026.xlsx,2026-09-14
osb-ca23a1337cdb5455d81a,osb-bia-insolvency-statistics-2026-03,2026-01,Canada,country,all,all,Proposal,Accommodation and Food Services/Hébergement et services de restauration,Volume,Number,13,published,https://ised-isde.canada.ca/site/office-superintendent-bankruptcy/sites/default/files/documents/insolvency_statistiques_insolvabilite_march_2026.xlsx,2026-09-14
osb-40230ed42f074e820eae,osb-bia-insolvency-statistics-2026-03,2026-02,Canada,country,all,all,Proposal,Accommodation and Food Services/Hébergement et services de restauration,Volume,Number,12,published,https://ised-isde.canada.ca/site/office-superintendent-bankruptcy/sites/default/files/documents/insolvency_statistiques_insolvabilite_march_2026.xlsx,2026-09-14
osb-5889696d37c8bc906d3e,osb-bia-insolvency-statistics-2026-03,2026-03,Canada,country,all,all,Proposal,Accommodation and Food Services/Hébergement et services de restauration,Volume,Number,18,published,https://ised-isde.canada.ca/site/office-superintendent-bankruptcy/sites/default/files/documents/insolvency_statistiques_insolvabilite_march_2026.xlsx,2026-09-14
osb-d76c6e9b0c8e3c096e6d,osb-bia-insolvency-statistics-2026-03,2026-01,Canada,country,all,all,Bankruptcy,"Other Services (except Public Administration)/Autres services, sauf les administrations publiques",Volume,Number,16,published,https://ised-isde.canada.ca/site/office-superintendent-bankruptcy/sites/default/files/documents/insolvency_statistiques_insolvabilite_march_2026.xlsx,2026-09-14
osb-987b52c09f8c61d5d4eb,osb-bia-insolvency-statistics-2026-03,2026-02,Canada,country,all,all,Bankruptcy,"Other Services (except Public Administration)/Autres services, sauf les administrations publiques",Volume,Number,22,published,https://ised-isde.canada.ca/site/office-superintendent-bankruptcy/sites/default/files/documents/insolvency_statistiques_insolvabilite_march_2026.xlsx,2026-09-14
osb-1f8db6f41ee7f967aad2,osb-bia-insolvency-statistics-2026-03,2026-03,Canada,country,all,all,Bankruptcy,"Other Services (except Public Administration)/Autres services, sauf les administrations publiques",Volume,Number,18,published,https://ised-isde.canada.ca/site/office-superintendent-bankruptcy/sites/default/files/documents/insolvency_statistiques_insolvabilite_march_2026.xlsx,2026-09-14
osb-ae7d17afd2789c6e3b61,osb-bia-insolvency-statistics-2026-03,2026-01,Canada,country,all,all,Proposal,"Other Services (except Public Administration)/Autres services, sauf les administrations publiques",Volume,Number,7,published,https://ised-isde.canada.ca/site/office-superintendent-bankruptcy/sites/default/files/documents/insolvency_statistiques_insolvabilite_march_2026.xlsx,2026-09-14
osb-57bcd7b1f041d5ca74d0,osb-bia-insolvency-statistics-2026-03,2026-02,Canada,country,all,all,Proposal,"Other Services (except Public Administration)/Autres services, sauf les administrations publiques",Volume,Number,3,published,https://ised-isde.canada.ca/site/office-superintendent-bankruptcy/sites/default/files/documents/insolvency_statistiques_insolvabilite_march_2026.xlsx,2026-09-14
osb-e8a611e7266125db4e55,osb-bia-insolvency-statistics-2026-03,2026-03,Canada,country,all,all,Proposal,"Other Services (except Public Administration)/Autres services, sauf les administrations publiques",Volume,Number,7,published,https://ised-isde.canada.ca/site/office-superintendent-bankruptcy/sites/default/files/documents/insolvency_statistiques_insolvabilite_march_2026.xlsx,2026-09-14
osb-08b2947faf916135dbfb,osb-bia-insolvency-statistics-2026-03,2026-01,Canada,country,all,all,Bankruptcy,Public Administration/Administrations publiques,Volume,Number,2,published,https://ised-isde.canada.ca/site/office-superintendent-bankruptcy/sites/default/files/documents/insolvency_statistiques_insolvabilite_march_2026.xlsx,2026-09-14
osb-1f9a178c7a5e5938976c,osb-bia-insolvency-statistics-2026-03,2026-02,Canada,country,all,all,Bankruptcy,Public Administration/Administrations publiques,Volume,Number,0,published,https://ised-isde.canada.ca/site/office-superintendent-bankruptcy/sites/default/files/documents/insolvency_statistiques_insolvabilite_march_2026.xlsx,2026-09-14
osb-00b465988dc2e907c1b0,osb-bia-insolvency-statistics-2026-03,2026-03,Canada,country,all,all,Bankruptcy,Public Administration/Administrations publiques,Volume,Number,0,published,https://ised-isde.canada.ca/site/office-superintendent-bankruptcy/sites/default/files/documents/insolvency_statistiques_insolvabilite_march_2026.xlsx,2026-09-14
osb-81b9207e5e33cfa76b97,osb-bia-insolvency-statistics-2026-03,2026-01,Canada,country,all,all,Proposal,Public Administration/Administrations publiques,Volume,Number,0,published,https://ised-isde.canada.ca/site/office-superintendent-bankruptcy/sites/default/files/documents/insolvency_statistiques_insolvabilite_march_2026.xlsx,2026-09-14
osb-82583ebcbf00463b48d4,osb-bia-insolvency-statistics-2026-03,2026-02,Canada,country,all,all,Proposal,Public Administration/Administrations publiques,Volume,Number,0,published,https://ised-isde.canada.ca/site/office-superintendent-bankruptcy/sites/default/files/documents/insolvency_statistiques_insolvabilite_march_2026.xlsx,2026-09-14
osb-1027550ead4ccb89fe3a,osb-bia-insolvency-statistics-2026-03,2026-03,Canada,country,all,all,Proposal,Public Administration/Administrations publiques,Volume,Number,1,published,https://ised-isde.canada.ca/site/office-superintendent-bankruptcy/sites/default/files/documents/insolvency_statistiques_insolvabilite_march_2026.xlsx,2026-09-14
osb-55ec9a4a247ca0fadad8,osb-bia-insolvency-statistics-2026-03,2026-01,Canada,country,all,all,Bankruptcy,Total/Total,Volume,Number,288,published,https://ised-isde.canada.ca/site/office-superintendent-bankruptcy/sites/default/files/documents/insolvency_statistiques_insolvabilite_march_2026.xlsx,2026-09-14
osb-4dcbca219d2ae0b2b0a3,osb-bia-insolvency-statistics-2026-03,2026-02,Canada,country,all,all,Bankruptcy,Total/Total,Volume,Number,316,published,https://ised-isde.canada.ca/site/office-superintendent-bankruptcy/sites/default/files/documents/insolvency_statistiques_insolvabilite_march_2026.xlsx,2026-09-14
osb-a1275fffcb0754698a26,osb-bia-insolvency-statistics-2026-03,2026-03,Canada,country,all,all,Bankruptcy,Total/Total,Volume,Number,332,published,https://ised-isde.canada.ca/site/office-superintendent-bankruptcy/sites/default/files/documents/insolvency_statistiques_insolvabilite_march_2026.xlsx,2026-09-14
osb-00907aa7557fd4e5484a,osb-bia-insolvency-statistics-2026-03,2026-01,Canada,country,all,all,Proposal,Total/Total,Volume,Number,78,published,https://ised-isde.canada.ca/site/office-superintendent-bankruptcy/sites/default/files/documents/insolvency_statistiques_insolvabilite_march_2026.xlsx,2026-09-14
osb-51f7c4d4ca596f1f17d7,osb-bia-insolvency-statistics-2026-03,2026-02,Canada,country,all,all,Proposal,Total/Total,Volume,Number,87,published,https://ised-isde.canada.ca/site/office-superintendent-bankruptcy/sites/default/files/documents/insolvency_statistiques_insolvabilite_march_2026.xlsx,2026-09-14
osb-8554c2745d1c394f2b4e,osb-bia-insolvency-statistics-2026-03,2026-03,Canada,country,all,all,Proposal,Total/Total,Volume,Number,119,published,https://ised-isde.canada.ca/site/office-superintendent-bankruptcy/sites/default/files/documents/insolvency_statistiques_insolvabilite_march_2026.xlsx,2026-09-14
